deal_id,client,deal_value_mn,stage,probability,owner,expected_close,site,product_line,customer_segment,notes
DEC-CRM-001,Ford Motors - Atlas EV Axle Program,12.40,Legal Review,75,Raj Kumar,2026-03-24,Detroit,Car Axle,OEM,5 legal redlines unresolved since Mar 4; competing bid from Alpha Automotive reactivated
DEC-CRM-002,Ford Motors - Brake Caliper Q2,3.80,Legal Review,70,Raj Kumar,2026-03-24,Detroit,Braking Systems,OEM,Bundled with Atlas EV program; awaiting Ford procurement sign-off
DEC-CRM-003,Tesla Gigafactory TX - EV Motor Shaft,22.00,Shortlisted,76,Raj Kumar,2026-04-10,Plano Texas,EV Drivetrain,OEM,RFQ issued Mar 13; GIS vs Alpha Automotive TX; award Apr 10
DEC-CRM-004,Bajaj Auto - Braking Systems Tier-1,4.20,Qualification,65,Priya Iyer,2026-05-15,Pune,Braking Systems,Tier-1,Bajaj procurement signaled interest Mar 11; follow-up meeting Mar 25
DEC-CRM-005,Jaguar Land Rover - EPS Steering UK,6.50,Negotiation,72,James Whitfield,2026-04-28,Michigan,Steering,OEM,Euro 7 compliance docs submitted; pricing under final review
DEC-CRM-006,General Motors - Axle Assembly Detroit,9.10,Proposal,55,Raj Kumar,2026-04-30,Detroit,Car Axle,OEM,RFQ response submitted; GM evaluating 3 vendors
DEC-CRM-007,Tata Motors - Steering Rack India,2.80,Prospect,40,Priya Iyer,2026-06-01,Pune,Steering,OEM,Initial meeting held; needs formal RFQ to advance
DEC-CRM-008,Nissan UK - Brake Caliper,5.60,Negotiation,68,James Whitfield,2026-04-15,Michigan,Braking Systems,OEM,Volume + delivery terms under discussion; legal review next week
DEC-CRM-009,Ford Motors - Plano TX Axle Supply,8.30,Closed,94,Raj Kumar,2026-03-07,Plano Texas,Car Axle,OEM,Closed Q1 2026; delivery schedule confirmed through Q3
DEC-CRM-010,Bajaj Auto - Car Axle India,3.50,Closed,94,Priya Iyer,2026-02-28,Pune,Car Axle,OEM,Closed Feb 2026; OTIF on track at 95%
DEC-CRM-011,Delphi Technologies - Sensor Sub-assy,2.10,Qualification,58,Raj Kumar,2026-05-01,Detroit,Car Axle,Tier-1,Bosch and Sensata also in evaluation; decision by Apr
DEC-CRM-012,Motherson Group - Braking India,1.80,Prospect,35,Priya Iyer,2026-06-15,Pune,Braking Systems,Tier-1,Introduced via industry event; needs site visit
DEC-CRM-013,Continental UK - EPS Module,4.40,Proposal,50,James Whitfield,2026-05-30,Michigan,Steering,Tier-1,Technical assessment completed; commercial terms TBD
DEC-CRM-014,Ford Motors - Q3 Car Axle Frame,14.50,Prospect,45,Raj Kumar,2026-07-01,Detroit,Car Axle,OEM,Early pipeline for Q3; Ford confirmed budget approval pending
DEC-CRM-015,Tesla - Additional EV Drivetrain SKU,7.80,Prospect,38,Raj Kumar,2026-07-15,Plano Texas,EV Drivetrain,OEM,Contingent on Q2 award win; rotor balance SKU expansion
DEC-CRM-016,Hero MotoCorp - Steering Assembly,1.60,Prospect,30,Priya Iyer,2026-06-30,Pune,Steering,OEM,Early qualification; needs GIS tech compliance review
DEC-CRM-017,Ford Motors - Braking Plano TX,6.20,Negotiation,62,Raj Kumar,2026-04-20,Plano Texas,Braking Systems,OEM,Linked to Atlas EV ramp; volume TBD based on Q2 ramp speed
DEC-CRM-018,Jaguar Land Rover - Axle Assembly UK,3.90,Proposal,48,James Whitfield,2026-05-20,Michigan,Car Axle,OEM,RFQ submitted; JLR evaluating GIS vs Nexteer Automotive
DEC-CRM-019,Bosch North America - Sensor Castings,1.20,Qualification,55,Raj Kumar,2026-05-10,Detroit,Car Axle,Tier-1,Dual-source evaluation following Supplier X OTIF decline
DEC-CRM-020,Sensata Technologies - Sensor Module,0.90,Qualification,52,Raj Kumar,2026-05-10,Detroit,Car Axle,Tier-1,Part of dual-source RFQ; lead-time assessment due Mar 19
DEC-CRM-021,Bajaj Auto - EV Components India,2.60,Prospect,28,Priya Iyer,2026-08-01,Pune,EV Drivetrain,OEM,Bajaj EV roadmap discussion; formal RFQ expected Q3 2026
DEC-CRM-022,GM - Braking Systems Expansion,4.80,Closed,91,Raj Kumar,2026-02-14,Detroit,Braking Systems,OEM,Closed Feb 2026; 12-month supply agreement active
DEC-CRM-023,Tata Motors - Axle Pune Expansion,3.10,Delayed,34,Priya Iyer,2026-04-30,Pune,Car Axle,OEM,Delayed 3 weeks; Tata procurement undergoing internal restructure
DEC-CRM-024,Nissan UK - EPS Retrofit,2.40,Proposal,45,James Whitfield,2026-05-25,Michigan,Steering,OEM,Retrofit program for existing Nissan fleet; early commercial discussion
DEC-CRM-025,Ford Motors - Safety-Critical Fasteners,0.70,Closed,96,Raj Kumar,2026-03-03,Detroit,Car Axle,OEM,Ongoing blanket PO; auto-renewed quarterly
