meeting_id,title,duration_min,participants,date,action_items
542efa5f-46c0-438f-acfd-b5576f801b94,Revenue Review,45,7,2025-12-24,0
6987844e-54ac-4a23-855a-92381ff218ee,Ops Escalation,30,5,2025-11-10,3
643e98f9-164b-4adb-bd45-83653eedf51e,Revenue Review,90,3,2025-12-04,3
04625a8d-8d26-43ad-9d71-c466fb66f335,Hiring Discussion,60,4,2025-11-01,3
7714c5a5-8f4d-4456-bca7-fd666903e438,Revenue Review,45,6,2025-12-02,4
d0991c4f-900f-4b06-9ad4-fe695f1527d4,Revenue Review,45,9,2025-11-07,1
55817efa-a9b6-4be5-bdc4-a8b3069cee62,Hiring Discussion,90,5,2025-12-13,2
2bf80e34-2d6f-49d7-b232-7d2068a94830,Revenue Review,45,5,2025-11-30,1
0ff94683-d274-4a1f-9d30-24954c066b49,Hiring Discussion,60,9,2025-11-12,4
1903a196-4d51-4e70-90b7-fa63d20c11dd,Board Sync,90,5,2025-12-01,2
6e48f397-3414-460a-aa35-1765b5d64bd7,Board Sync,45,9,2025-10-29,1
f7d56075-5897-4570-9b60-10c9be8e530f,Revenue Review,60,11,2025-11-24,0
ed910723-e979-4879-a9b0-da50252370fd,Revenue Review,60,8,2025-12-16,4
f9a9488b-9f1a-47db-a36c-d1b75a11b5fb,Revenue Review,30,9,2025-12-10,2
f185b4ba-b0ab-4d44-871e-7ce203d0e428,Ops Escalation,30,4,2025-10-31,2
10e4080e-a5ce-4708-8896-2295a564fb24,Revenue Review,30,6,2025-11-26,5
36785ddc-90bf-4910-bce0-3e0d995d1520,Ops Escalation,30,9,2025-10-27,4
45dbb72f-b649-41ab-8822-4900002541cc,Revenue Review,30,8,2025-11-14,2
94956904-f718-48b3-b149-590e243dea93,Revenue Review,45,9,2025-11-03,5
4d07c06c-9a96-4b6b-b183-f3e327aa9ec1,Ops Escalation,60,12,2025-11-17,4
7cdc03e1-fce4-4bcd-83d3-b74b9a777962,Hiring Discussion,45,3,2025-11-08,4
29261808-cdd3-40a9-8040-b46e93042c08,Ops Escalation,60,4,2025-10-31,4
67bc7cff-2685-4343-9ca2-e4bcf7912b7e,Ops Escalation,30,9,2025-11-09,5
85fdee12-45e1-47db-bb6d-c2dff2d67386,Board Sync,30,3,2025-11-21,3
bf121fcc-b0fc-46e1-9b34-a56a65c3c8db,Revenue Review,45,3,2025-12-08,5
53d8c55f-127e-4960-a5a5-636d35ceb8e8,Hiring Discussion,60,8,2025-11-19,1
714f70c1-e958-4df9-b906-ece032e2bd9f,Board Sync,30,5,2025-10-30,2
8e11b73b-5679-4181-aab4-136d1a8f880d,Revenue Review,60,11,2025-12-05,0
b13d0127-2052-4fcc-b458-6580758b5024,Board Sync,45,4,2025-11-04,3
b3c1f58d-19db-4b56-ada4-d9a095094688,Revenue Review,60,4,2025-12-05,4
57fe0aad-62ed-4cf0-96ae-e95a66c80839,Revenue Review,45,6,2025-11-02,3
824335fa-5be4-4c82-9359-800d58a27529,Revenue Review,30,3,2025-12-10,2
8107d4c6-b399-4772-bf4f-39024f5e8ee3,Board Sync,45,10,2025-12-06,5
d1f77122-6ef9-4d91-910a-595da57365da,Board Sync,90,6,2025-12-13,3
b44e470c-7821-4f1b-b983-1a709c373d2d,Revenue Review,45,9,2025-12-09,3
b13dc297-96ab-40bc-aa95-4d606c4e1f78,Ops Escalation,45,4,2025-10-29,4
419d0024-bf80-4b87-8b5e-fb852af3e4b1,Hiring Discussion,90,6,2025-10-30,5
cc2ba3c7-c196-40b3-baf4-1ac3c5ff4b2f,Hiring Discussion,60,8,2025-11-24,3
f79800fb-fa40-4c66-a459-ed785801df68,Hiring Discussion,60,11,2025-11-28,4
bd81684d-006a-4dab-b364-089752e651e5,Board Sync,60,7,2025-12-05,4
700707d6-efca-4cde-8efd-3f6b70e05efb,Ops Escalation,90,10,2025-11-21,5
a1b68846-a912-49af-acd7-7e02faa5478a,Board Sync,60,12,2025-11-05,0
5c492b02-0b83-41e4-a8a2-0c63fe939fcf,Revenue Review,60,5,2025-12-24,1
d77ca2d8-8337-4e80-adf0-a045594c4abc,Ops Escalation,60,8,2025-11-25,5
071261b1-2bb1-4cc0-a745-982af5358ee7,Board Sync,30,11,2025-12-12,2
fc69e8e9-83b5-47c9-99f7-5591fa992bdb,Ops Escalation,30,6,2025-11-03,4
d2ec95fa-1077-4793-9678-3e693028cbea,Board Sync,45,11,2025-11-01,0
08f2c5ba-2792-421f-b5bb-8f052fa6854e,Ops Escalation,90,5,2025-12-01,4
6e751201-2cee-4e28-9c49-c99cc39d490b,Ops Escalation,60,4,2025-12-17,1
ce3b51e0-7011-435f-9516-c16f11831d6e,Revenue Review,30,4,2025-11-25,1
1009e102-1b86-4eba-b630-91bca8d175f3,Ops Escalation,90,12,2025-11-23,5
2e3be289-e9ce-44a3-9433-ff56f16d12e0,Revenue Review,45,9,2025-11-06,3
4c4a3b6d-afe4-46c5-b6f0-5e52156f5bc7,Hiring Discussion,60,10,2025-11-17,2
7df2bf24-c409-47c9-a9f6-2b02c49f24aa,Ops Escalation,60,11,2025-10-29,2
396b2fad-c6f7-4fd1-850a-43feda5f22b3,Revenue Review,30,5,2025-11-24,5
cbfc37a4-d2ea-4d11-bfda-a20e765aa6e7,Board Sync,30,11,2025-12-16,1
f8baa928-8c2d-4025-a8bb-a45ddd2e2087,Hiring Discussion,90,10,2025-12-13,3
0c4982a2-a559-40b9-8030-3ea0720e1259,Board Sync,60,4,2025-12-09,4
7939d27b-30ec-43cb-8084-dcb645e4a0cf,Hiring Discussion,45,9,2025-12-16,4
93467600-b034-4ef4-83c7-1f940fb31a0b,Hiring Discussion,45,12,2025-11-01,1
69dd732b-842c-4f7c-a62b-90a50fc07ea4,Ops Escalation,30,9,2025-11-01,4
b0309a0a-d3bb-48cc-b749-57392899f395,Ops Escalation,30,7,2025-11-02,1
47379696-9435-4639-9d58-71758274adda,Revenue Review,30,5,2025-12-11,2
3fcc4dbb-61d6-412b-a19b-0ae48fcfa5a9,Hiring Discussion,90,4,2025-12-04,5
9513b185-5f10-4601-bae4-f3f23f719788,Hiring Discussion,60,7,2025-12-13,0
0f0e2dbe-a37a-4bc6-95bf-b3bcf51d9741,Board Sync,30,11,2025-12-23,5
e9fc1a81-5172-4cf3-98c1-ff7a4a336bd2,Ops Escalation,60,10,2025-12-01,0
352ee181-5874-48ff-94b7-b7bd4f7825fb,Hiring Discussion,60,12,2025-11-25,4
0f811fdc-52a4-4013-ad00-ed6ba50fc61f,Ops Escalation,45,11,2025-11-29,3
56a2384a-2084-41f6-abc6-6a92ecee3a7f,Hiring Discussion,30,8,2025-12-15,4
472d256d-9d9e-46b9-b77d-f9cc72ca7f81,Ops Escalation,30,3,2025-12-02,5
33102f0f-d04b-4979-977d-c0f677b02f2f,Ops Escalation,60,4,2025-12-02,2
96c82ef0-7d1f-4ca4-9c25-db5a5ed1fc96,Ops Escalation,60,6,2025-11-09,0
68d1159d-1c6f-449a-b229-52af59ccd9aa,Ops Escalation,90,11,2025-12-18,4
c89167ae-2ba8-45a1-ba75-bddafacb022e,Ops Escalation,60,10,2025-11-18,0
71dfb035-18d4-4dd3-bd7b-b321524efab4,Hiring Discussion,90,12,2025-12-22,1
b83c84e3-d062-4b41-8d61-b8ae2b18a0b8,Board Sync,90,4,2025-10-29,4
67fc7f2f-1a25-4e39-80af-3acef89a0f5e,Hiring Discussion,60,7,2025-12-10,4
c0e44d43-c6d8-4326-8a42-bcdb80ff2052,Hiring Discussion,45,4,2025-12-07,2
85ed765b-d3ed-443a-9fd4-136f6c09c0c3,Hiring Discussion,90,10,2025-12-20,4
8c18a797-3f34-4602-b589-b1a16d298637,Board Sync,45,12,2025-12-02,1
02eb824f-05c6-423a-bb6a-58cda2c04e34,Hiring Discussion,30,11,2025-11-13,5
db832702-e9aa-468d-bbeb-a383d0378932,Hiring Discussion,30,12,2025-12-16,3
4eb984fe-77de-4785-8f10-3ec19be6ee90,Ops Escalation,45,11,2025-11-12,1
4652ef9a-0b4f-459f-b488-51d1b5e7d125,Revenue Review,60,7,2025-12-18,2
495b7614-c8b2-4615-b52e-efbc45c3a1f8,Board Sync,60,7,2025-11-06,4
62d80b36-54c5-46e5-a0f9-3c4309ff3a04,Ops Escalation,30,7,2025-12-01,5
8613abea-81c9-46fb-8ac9-2204a5009d75,Ops Escalation,90,6,2025-11-02,1
2fe8df46-a467-44ec-b011-7af8724716c1,Hiring Discussion,45,4,2025-11-03,1
3c9403e5-4457-48de-a46f-5db144876b03,Board Sync,30,9,2025-11-02,2
2dd8f00a-407f-4ab6-ab6e-393fb5dc71ff,Board Sync,30,9,2025-12-20,2
f5fc2ef6-f75d-48d2-a105-6ce10473d3b1,Ops Escalation,45,10,2025-11-19,1
96b1894b-877c-4c82-a61b-ee1242ce526b,Board Sync,30,10,2025-11-23,1
b50a171a-3d2f-49f8-b94c-5c5e59731625,Board Sync,30,6,2025-11-07,0
00ccbb8b-4082-46c3-a91c-8379e7a08fb1,Hiring Discussion,90,4,2025-12-25,5
b75ee880-fb33-4a01-8be1-60dceab998bd,Ops Escalation,90,8,2025-11-11,4
46820683-3f98-4051-8788-b01869806fd4,Revenue Review,90,10,2025-12-19,1
f2316cab-e430-4c0b-9e43-03ddfca88e09,Board Sync,60,5,2025-11-13,0
ae7a4267-d834-4658-953e-500ffec2ef51,Board Sync,30,3,2025-11-17,5
7715feba-31ce-44fc-ae47-933080ead78b,Revenue Review,30,6,2025-11-11,4
af0f24b1-1a54-4f6c-ba25-57fa5820fb97,Board Sync,60,8,2025-12-24,5
e332a1fc-2dec-4223-9433-288ffdeaae16,Board Sync,90,11,2025-11-24,2
a98aa501-4b87-4c36-8440-635ec20acab7,Revenue Review,45,3,2025-12-01,2
a8d7f6e0-5ae8-47bd-9c6f-21c870999d58,Board Sync,60,3,2025-11-09,3
502fbdf4-6e80-4d60-8863-ab388d390271,Board Sync,45,5,2025-10-28,1
96ff3b74-6876-44eb-8cbe-79ca957cd7e8,Hiring Discussion,60,5,2025-12-14,2
2b1e5ae4-d363-4206-8d8d-5b012813afe9,Ops Escalation,90,3,2025-11-16,5
a4459a49-c935-4c03-9c3e-4135756e5db1,Ops Escalation,60,6,2025-11-01,0
e9930c10-dc8c-4808-b749-5a7ac8496b5f,Hiring Discussion,45,11,2025-11-09,0
8282eb30-f244-486e-af86-4bb057a055a9,Hiring Discussion,30,11,2025-12-05,5
cc2f363f-f9f6-48e3-b702-0b9ce594ac73,Hiring Discussion,30,6,2025-12-01,0
ab3a817d-e511-45cc-9349-101122349170,Hiring Discussion,90,5,2025-11-16,3
1c26f0c8-c1d0-4f08-ab98-5e2e76133f25,Ops Escalation,60,8,2025-12-06,2
01fb4ae1-296b-49ee-8263-cb11e481097f,Revenue Review,45,3,2025-11-08,5
034606db-3351-4317-a2c7-5851e2f79bda,Revenue Review,90,5,2025-11-08,3
f834de38-5120-4825-8786-886c8fa0bf5a,Hiring Discussion,60,6,2025-12-03,4
8f1e48c9-f1e8-4718-8fdb-e9b9392dfb76,Board Sync,90,12,2025-12-04,5
2c15a981-093f-4257-91fe-e7988bf1dbfc,Board Sync,45,7,2025-11-26,5
9326372a-106f-4713-893e-f260e738afae,Board Sync,45,9,2025-12-18,2
3d3d6bf4-f9a4-47ad-80d0-f0b023096b4b,Hiring Discussion,60,7,2025-12-09,4
883d6f91-1b89-41c5-8656-cd7df1fa92f1,Revenue Review,45,7,2025-11-29,3
9a08cc00-4ab2-4942-b853-28ea81528672,Hiring Discussion,60,8,2025-12-21,0
c1073e08-a0b8-4516-9746-9196284a86dc,Hiring Discussion,30,5,2025-12-07,4
e2429250-d60b-4d63-a272-29c2bc0f7c91,Ops Escalation,45,10,2025-12-05,1
edf502a3-cb2e-408c-968f-20eeb6773c2d,Hiring Discussion,45,6,2025-11-08,4
a5499083-00be-4187-8bae-ffb933518ee6,Revenue Review,60,8,2025-11-21,3
1651b729-3339-460a-a794-dd5dd17c2737,Hiring Discussion,60,11,2025-12-25,3
c9061841-e060-4bab-9289-8a44d23e5a09,Revenue Review,90,11,2025-12-02,1
f79aaf7c-48d2-4a5e-9699-7c3db7c35de8,Board Sync,45,4,2025-12-03,2
7fe8301d-8ad1-45dd-9100-3790b6341cf9,Ops Escalation,60,4,2025-11-10,2
48440544-fb8c-45ad-8abc-83bddbebab1f,Hiring Discussion,90,11,2025-12-20,5
27d075ec-fb36-4bcc-b86d-1eef734689f2,Board Sync,90,5,2025-11-02,2
93fe4201-ab1f-437c-b8ba-a79c375191ff,Board Sync,30,5,2025-12-22,4
097195a4-73f8-45b7-92a1-c56f1384c5b8,Ops Escalation,60,9,2025-12-22,3
aae1aed1-f3af-4e17-8ade-c3827a312742,Revenue Review,45,11,2025-11-24,4
c81a5d4e-53f0-42df-84f3-8f1a3e93a027,Hiring Discussion,90,5,2025-11-03,1
0019bddb-a1dd-481c-bdc5-9d5a86c53b95,Revenue Review,45,4,2025-11-02,5
22434569-50a1-4285-bba3-9436a5b1a61d,Hiring Discussion,30,12,2025-11-19,3
bd4bc197-c9fc-4e1b-a9b9-dea3aa32eec7,Board Sync,45,10,2025-12-03,3
b7112214-a871-40e1-a8be-a37e45309c38,Revenue Review,90,6,2025-12-01,0
c85fc46c-063b-4266-9fc4-a1f7a62c91dd,Board Sync,45,5,2025-12-09,0
cfcf6a87-dbe9-456d-9fe6-55131c2a098f,Hiring Discussion,60,10,2025-12-21,2
f5ae877c-2df6-4474-ac1f-f32210226162,Ops Escalation,60,7,2025-11-27,4
f60497ed-b0b5-44db-ac4b-92c17847f442,Ops Escalation,90,9,2025-11-26,4
370ee9d4-b130-4957-80fd-4adaf564aa8e,Ops Escalation,30,11,2025-12-15,5
0b16b051-ecf1-4312-8bda-3efd453d55ab,Hiring Discussion,90,4,2025-12-01,4
ccae628b-4387-43e8-8ee1-9c50313e2bcb,Revenue Review,45,3,2025-12-10,0
f9c0e053-1670-4bb4-9535-2d7884d3463f,Ops Escalation,45,5,2025-12-08,5
94f6b761-040a-46db-aa6d-722cbb14877b,Hiring Discussion,90,10,2025-12-12,5
91e6dd17-86d7-4f14-b369-965862877fa1,Board Sync,45,11,2025-11-06,5
58d4048a-d4d2-436c-8f40-a18e26f78bf4,Ops Escalation,60,5,2025-11-12,5
fe8042c4-c7e7-488c-a7eb-935f2dea30de,Board Sync,60,11,2025-12-05,3
296f6cab-7905-417d-96be-9bb35c1cd7f7,Ops Escalation,45,5,2025-11-02,0
fe8139bc-31f5-4d8d-bf09-dd2ca518c910,Revenue Review,45,10,2025-12-18,1
db8d18cd-71bd-439d-8339-95a468e91f86,Hiring Discussion,45,8,2025-12-23,0
5d60a3e8-e328-48c7-b731-768ee8a5e317,Board Sync,90,9,2025-10-28,2
11e6b82b-1508-4151-871d-4ff639d26f0e,Board Sync,60,10,2025-11-12,3
cd95c41b-fb2b-45bc-bf8e-eb6aeaafad1c,Hiring Discussion,60,3,2025-11-23,5
6563d4df-136c-4c3e-8be6-7279f3055255,Revenue Review,60,9,2025-12-02,1
11f43aaa-df4b-484e-9e6e-d78a9daa8f3c,Ops Escalation,90,6,2025-11-26,5
cda0d7b0-a117-4a63-8e15-9dc970211f9f,Hiring Discussion,30,9,2025-10-28,2
0622349a-69cf-4e1d-b05d-bc850f9018a0,Revenue Review,45,6,2025-11-10,0
33f6e122-fc17-41d2-a0c3-c0ed857ff059,Revenue Review,45,5,2025-12-03,3
0bc5d138-edc8-4a52-8c7c-b7d6772c311d,Hiring Discussion,30,5,2025-11-04,3
d9d22540-4c59-420a-8b62-e02706450737,Hiring Discussion,90,7,2025-12-22,3
a8176eca-9401-4f89-81c1-89f45d1e8dbc,Hiring Discussion,90,5,2025-11-25,2
d0410846-6b97-4a2e-8be9-a8cfb4679e62,Revenue Review,45,11,2025-11-28,5
d64a514a-ee9e-4d54-9d14-70808c11ea43,Hiring Discussion,30,10,2025-12-17,2
93c8fddb-0c35-4460-8dc0-0a1be59439c4,Ops Escalation,30,10,2025-10-30,5
1b2e8d76-13df-4e56-b811-cac60a76c363,Ops Escalation,30,6,2025-11-16,4
d63c6c6e-8869-4251-b4cd-b24f97c98943,Hiring Discussion,60,10,2025-12-19,3
29916778-593f-4c71-b7ff-7585520dced2,Board Sync,90,5,2025-11-18,1
a009b7b9-50c4-40bc-b25a-326d8931c60e,Ops Escalation,45,9,2025-10-29,5
96dfad35-77d2-4b24-bfb3-ed3273aa7683,Ops Escalation,90,5,2025-12-10,5
84761ccb-278e-417e-adf3-fbdf715512b1,Ops Escalation,90,4,2025-11-22,3
59785b86-6671-4977-b426-3fe251130c37,Hiring Discussion,90,8,2025-12-15,2
766f4137-eeb4-46f8-84ac-d1d4f4730678,Ops Escalation,60,10,2025-11-28,1
a36a00e5-3a99-4c11-b1aa-47de26e93bb9,Board Sync,30,10,2025-11-23,0
6bf98a04-6602-40ca-bcce-26de0cf1bf7a,Hiring Discussion,30,5,2025-11-02,1
c776d1db-119a-405a-9d5b-57f6887c50fa,Board Sync,45,11,2025-12-03,4
daa38a9c-fb1f-4acf-8abb-3621372329bb,Revenue Review,45,3,2025-12-11,4
69a51355-f27c-4338-9259-747b58b09adc,Ops Escalation,90,8,2025-12-13,1
2e85bde1-e89f-4481-8803-43ab9ef6cb5f,Ops Escalation,60,8,2025-11-17,5
cc29a334-1c39-4a0a-8b75-fe866eb5e7ea,Revenue Review,90,9,2025-11-09,1
5007f831-3a09-48c5-bf5f-c14d9530e8f9,Ops Escalation,60,8,2025-12-14,3
68609496-3942-4bb9-8cca-8b8018465a34,Revenue Review,45,4,2025-12-21,2
09482bf7-a662-46fa-8417-91ebd59df2cf,Revenue Review,90,4,2025-12-16,0
60836aca-1167-4145-9ae4-9c0907e4c267,Revenue Review,90,12,2025-10-30,3
f0582704-69aa-4581-a98b-a89b2cdc4463,Ops Escalation,45,9,2025-11-21,2
05fb3e0b-0b79-41b3-957b-69d6872e742f,Board Sync,90,8,2025-11-27,3
cf4d7943-0676-449f-ac10-b75f26de1bde,Ops Escalation,30,10,2025-12-20,2
0ba10987-8f48-486f-ad64-6c6db4f7e97c,Revenue Review,90,4,2025-12-10,1
fc99a21b-1268-4d47-b288-0ca4d9f08dbc,Hiring Discussion,90,3,2025-11-01,1
920d3996-6591-4e65-89c2-6ef9132b0754,Revenue Review,30,10,2025-12-17,1
509c226c-c9a2-40c0-9027-a8888447f58c,Revenue Review,90,7,2025-11-20,1
34b2c71b-76a1-4a4a-b89c-9a9573e92eea,Board Sync,90,7,2025-12-16,0
89e27183-ce5f-4eb3-8e90-0665ad700e9d,Revenue Review,90,3,2025-11-07,3
2a77682b-30d9-4455-89c6-0ab8013004bb,Board Sync,90,8,2025-12-16,2
3e7d42a1-a9cc-48e0-9b3f-f465e73caf74,Board Sync,45,6,2025-11-26,3
10f93095-79c3-4f49-bbb7-366f56205d90,Board Sync,45,9,2025-11-08,2
3ec609b2-82ca-4c2b-b427-7e4609b1ba5b,Ops Escalation,45,7,2025-11-24,1
de6206e2-ac53-4374-bec3-cff90c5ce781,Revenue Review,90,8,2025-10-27,5
d3b745ff-7888-4337-8dfe-94bb6848fe4b,Revenue Review,30,12,2025-11-13,3
017952c9-a0d2-407e-9003-104cc5bd9f4d,Ops Escalation,60,12,2025-12-04,5
4b96d546-873f-4b15-931c-41cce8cd62fa,Hiring Discussion,30,6,2025-12-04,5
246cf7f1-e251-459d-a75d-4c360e556ef7,Revenue Review,90,6,2025-12-04,4
d11b6877-592d-4dd0-9c0e-79a382eed871,Hiring Discussion,45,6,2025-11-18,3
a0085bb1-9496-48f0-ac62-2186cfa6da2e,Ops Escalation,30,4,2025-10-27,5
e0ec2097-aec6-4480-9829-463501c7e82e,Revenue Review,60,10,2025-12-19,5
97f94d96-69c2-47ac-8ea7-0a613a9d973d,Revenue Review,30,4,2025-12-25,0
ac477819-2efb-4e43-aba4-1ca80ea5bf26,Hiring Discussion,90,10,2025-12-08,2
965e53d0-0865-4e22-860a-44285af0df6f,Revenue Review,30,6,2025-11-27,0
ff1bbf2a-6504-4996-8ea4-64b8a32422de,Revenue Review,45,8,2025-12-08,2
d9fded4a-45db-43b8-93ad-08ad2d144738,Board Sync,45,4,2025-11-21,4
c6980637-380e-4434-99a7-bea9d9c7d496,Ops Escalation,60,7,2025-10-30,2
4d376ac9-1289-45b5-9651-4af4d131cea8,Revenue Review,60,9,2025-12-04,3
069cba54-6eb7-4250-a252-648b5030436b,Revenue Review,30,7,2025-12-10,0
7a1db7ac-b571-427d-91ee-c72584e71b0e,Board Sync,90,12,2025-11-07,4
eb534ae8-01c1-4b35-9721-60aa1e7ea03a,Revenue Review,60,9,2025-11-26,0
b2552308-5b2b-41e3-a529-f1b99e42f76d,Revenue Review,90,9,2025-11-29,1
20eac42f-b47c-4721-a01d-ced0d3849744,Hiring Discussion,30,9,2025-12-17,0
e75ea567-e67e-4ebe-8e2d-e2502ecc4bd0,Revenue Review,60,10,2025-11-21,4
5ca343e1-96b7-4686-8eef-107a82abd222,Revenue Review,45,6,2025-12-06,1
ff323c8a-31ae-494b-8f73-4abcef93292e,Revenue Review,30,7,2025-11-30,5
f7feeff6-61e2-4e50-8336-92b9a141ab42,Hiring Discussion,30,3,2025-10-31,0
8996dbcb-38fd-49f0-bf56-600d50338428,Board Sync,30,12,2025-11-10,0
4ec78ebe-386f-4bdd-8f3b-009fd198e79e,Board Sync,90,7,2025-12-05,1
7ee0be5e-2e1f-459d-8446-b9ce999857ab,Ops Escalation,30,9,2025-12-15,1
41684ba3-f6aa-4d45-8906-8bb277e1fb90,Revenue Review,60,8,2025-11-15,0
4d17248b-56a5-46f1-8d3b-bd04831a932d,Board Sync,60,10,2025-11-14,2
e5949c74-201d-42db-830d-6d383ee7627d,Board Sync,30,6,2025-12-13,2
0e79abf4-17e3-43d8-a0c5-9169299f8a35,Ops Escalation,30,12,2025-12-05,0
53cb5010-e9a3-444f-84da-8f77cf8ca96b,Ops Escalation,45,7,2025-12-18,2
e73510af-8149-4a7f-a850-77a39ddd0ff0,Board Sync,90,5,2025-10-30,1
8aa03e17-03e0-416a-89cc-5af6deb0b1ce,Hiring Discussion,30,6,2025-12-04,1
acc6e190-b3ab-406f-bac3-09341bbbdd2a,Board Sync,60,6,2025-11-22,4
19853e04-172c-4c81-87eb-2f33fff53a71,Revenue Review,90,3,2025-11-10,3
abd9df20-3884-4d88-b4e8-abee9b808d96,Revenue Review,60,8,2025-12-12,0
04be897e-badb-4d2c-8062-9bd58a38e6de,Hiring Discussion,90,11,2025-12-21,2
656157b0-b36d-4d68-83d3-c12c0754083a,Ops Escalation,30,4,2025-11-23,0
bbd262e4-9147-48da-8c96-aed26ae19680,Hiring Discussion,90,10,2025-12-11,5
c425fdc1-e9c6-4137-b650-fd804c61df71,Hiring Discussion,30,9,2025-12-16,3
5b80a477-e600-44b7-ad3b-ddd5a98b620d,Hiring Discussion,30,3,2025-12-14,0
ae074289-a6f2-4372-9597-aeb30961b014,Revenue Review,45,9,2025-12-18,3
5c751b8f-a5f9-43e0-93d7-dbf3409f7ea7,Hiring Discussion,30,5,2025-12-18,1
8d828723-c5e6-426c-88ae-30953b6b3b1c,Ops Escalation,90,11,2025-10-27,0
4374633a-8778-4173-ac43-b4f15a10e795,Board Sync,60,11,2025-11-27,1
0fcbc7fb-5b0a-4596-96f3-471dd0b52af5,Hiring Discussion,30,4,2025-11-28,0
133fde21-7562-47b6-8cfb-1d08788d7461,Board Sync,30,10,2025-11-07,2
cea22719-20e0-4135-ac74-6e2e1c7aa42d,Hiring Discussion,30,4,2025-10-31,5
9aea83d4-03aa-49e6-87a1-ce0283e928b2,Board Sync,45,12,2025-11-13,1
829bc3d4-dcea-4023-85d4-b7de1c024c55,Revenue Review,30,9,2025-11-24,5
a00ed24c-35f3-4779-9443-b3db29b08343,Revenue Review,30,5,2025-11-25,1
d15c95ff-2bf8-460d-baec-2e66db190779,Revenue Review,45,8,2025-11-14,1
7798a10d-b768-459e-9755-cd9c2a4cfffb,Hiring Discussion,60,5,2025-11-23,3
3a021ccc-1fb0-40cc-a6cb-38aa526859ab,Board Sync,45,12,2025-10-30,1
9a903ed5-9ad8-4ad2-900e-0b9318bd6d90,Hiring Discussion,45,3,2025-12-23,1
071af89d-7460-49f1-b460-c1e17eab8150,Revenue Review,45,5,2025-11-23,2
fa24119c-d3f0-4055-8e03-01d61fde99c4,Revenue Review,60,5,2025-11-05,2
d84f64d2-c10a-459b-9111-42e88c4be827,Hiring Discussion,45,6,2025-11-22,5
0ac7f53e-5c1c-4961-b07a-11dd6536c916,Hiring Discussion,90,12,2025-12-25,5
8031b360-d5ac-4938-afd5-7fe352cc717c,Ops Escalation,30,5,2025-11-20,1
dcabb95d-7336-43a3-9e75-99af8dc06d3f,Hiring Discussion,60,5,2025-11-15,4
8a4c84cc-34e0-4146-9d2c-cee16be97291,Revenue Review,45,10,2025-12-09,5
7f5fa16c-26de-4ca4-93d4-f9edec0dd7b8,Hiring Discussion,30,4,2025-11-06,3
b190db6f-38fd-4de2-912b-aa338d8dba32,Board Sync,90,10,2025-11-15,2
614ddc87-744c-4b49-b3e3-166d8cf5d893,Board Sync,45,6,2025-11-20,3
aefd7fc1-fe31-432b-bca3-3239bc221013,Hiring Discussion,45,4,2025-11-19,3
33a9204b-dcd0-4067-8b44-79095025c096,Board Sync,90,6,2025-12-18,2
336f8ace-d151-4044-b5a9-80da6ab2329d,Revenue Review,30,4,2025-11-17,1
3d87f71e-bc73-43ef-8412-de8c3f1500cb,Hiring Discussion,90,10,2025-12-17,0
ded6914f-ecce-49f9-b0a1-3fb0952d28ae,Revenue Review,60,11,2025-11-01,1
86003584-61ba-4390-8bc6-3781952ebc3a,Ops Escalation,45,5,2025-11-10,4
d13ecf6d-7e0d-49ac-b8fe-cd658992aa77,Revenue Review,45,12,2025-12-04,5
3780da66-c3ac-4cc4-a088-7b43c2313487,Hiring Discussion,60,4,2025-11-29,0
a72fdba0-396a-46ff-874e-3be6295bc8a8,Hiring Discussion,60,12,2025-11-18,5
48e25e6d-21b1-4f25-8f3c-df06c5ca2c7a,Hiring Discussion,60,12,2025-11-28,2
923a19ec-84e5-4723-9565-5419793dbe89,Ops Escalation,60,8,2025-10-27,3
5e5173e4-78e7-462f-8a6d-fa02ec0367e6,Hiring Discussion,90,6,2025-11-13,0
d959c677-12c8-4037-bf18-c05badd3df33,Board Sync,30,5,2025-11-20,3
cd9bc8cf-d881-48e8-8e49-549ff9ed43ba,Revenue Review,30,12,2025-11-11,3
e9086b8b-e8fa-42df-95f7-f2ae9ef0bd20,Revenue Review,60,9,2025-11-21,1
c567e82e-638e-47d3-80af-4cbb112a88f5,Board Sync,60,8,2025-11-22,2
722a5820-ca1f-4c7c-b254-fbbf8835f484,Hiring Discussion,90,3,2025-12-05,4
7a24f946-8ff4-4ec6-9f38-cd34a86c4d2e,Board Sync,30,8,2025-12-06,3
61fa9425-e0d2-4b62-9ea5-4708b6364ba1,Board Sync,90,8,2025-11-16,5
6fe5067e-5f5b-433e-bd6c-9d97615297d2,Ops Escalation,60,6,2025-12-06,5
07e88cf8-6ece-487b-8ac3-b594000d6f6d,Revenue Review,45,10,2025-11-25,5
551d8a7e-7249-42cc-9748-449db28759c4,Hiring Discussion,90,9,2025-10-28,3
89d7917c-70c0-4284-b9a8-d6e9aa2ac99a,Hiring Discussion,45,5,2025-11-27,3
92d773aa-a723-425d-b6af-6f9b8297f777,Ops Escalation,60,8,2025-12-21,2
0c60836d-da8d-4b78-9286-49b8de18426f,Board Sync,60,9,2025-11-25,3
733a4f9a-fe10-4460-9fe6-6b8c23a22479,Ops Escalation,45,3,2025-11-14,0
a9ddc13d-83d8-44bb-8149-629dfa6c0782,Ops Escalation,45,12,2025-12-19,2
a1b11308-1a96-4ccb-8eda-05e35cd44656,Board Sync,90,12,2025-11-11,1
03c9e284-bd6b-4ef5-abbf-1843660d9553,Board Sync,60,5,2025-11-26,5
6e07d8ee-b367-4858-bfef-3f58acc514fe,Board Sync,30,3,2025-11-13,4
c50b609e-fa5c-49e5-978b-3ae14b59f4ff,Board Sync,30,8,2025-12-06,5
e2c91ae0-758b-46a4-b1c9-db816051613a,Ops Escalation,60,9,2025-12-04,5
60524dec-9a07-435c-a543-c3851223ad08,Hiring Discussion,30,5,2025-11-04,5
8f9ca346-fd71-4780-aca1-7247c154af61,Board Sync,60,9,2025-10-30,1
29cf7eab-aec8-4a03-8484-69af5bf9f74a,Hiring Discussion,30,11,2025-11-01,4
2b20726e-b3eb-4e20-bb86-4cf3143b51c7,Revenue Review,30,12,2025-11-03,1
258329d3-0e7d-4c4e-b482-991042505cfd,Ops Escalation,90,9,2025-11-17,2
87cf53bb-d723-4bd6-b538-ee5c1d0b77ab,Hiring Discussion,45,6,2025-11-23,5
5e56c7a7-a99a-4f02-a237-fc966ed9a94c,Hiring Discussion,60,5,2025-12-25,5
af2797fa-40be-4d67-9135-7c0f403196bf,Hiring Discussion,30,3,2025-12-03,1
bfbbe5b0-5644-449c-9d2c-1880cd697dc0,Ops Escalation,30,12,2025-12-14,1
97a0b565-facd-47b3-977e-267d6754e9ae,Ops Escalation,60,3,2025-10-28,1
da5a5bfb-04ae-4039-ba62-10352c959958,Hiring Discussion,60,8,2025-10-29,4
b27b1172-c814-417b-b068-6ec989eae29f,Ops Escalation,45,12,2025-11-23,1
850e267e-04cf-46fe-9788-d2c0a87c5ae5,Board Sync,45,11,2025-12-04,1
24978359-f87a-4b4b-a4e4-8a04f288e39a,Revenue Review,30,6,2025-11-20,2
a0ffc49c-ecea-4d18-b1a9-5954441b2e13,Ops Escalation,60,7,2025-12-17,5
ec9c307c-cc4d-437d-a139-933eaedd4229,Ops Escalation,60,9,2025-12-22,5
e10a073a-2e3a-4426-86ee-7a1efaaf00dc,Ops Escalation,90,11,2025-11-22,2
3c5906b8-15eb-4ddf-8656-7461411a7dfa,Hiring Discussion,45,3,2025-12-06,1
78467805-253c-4a15-8538-ad0460c3e1e8,Ops Escalation,90,6,2025-11-25,4
98fabc7f-3abd-4802-bc22-9a271b65a3d9,Hiring Discussion,30,7,2025-10-29,4
cb55cc5c-7944-494a-ae76-a7441f32977d,Ops Escalation,45,6,2025-11-19,5
6fc35618-7c1b-43a9-9775-e93188973c57,Hiring Discussion,30,3,2025-12-15,2
532dc181-1f36-429f-8d35-991a72a76cd7,Board Sync,45,9,2025-12-24,1
b329a02e-528a-4b75-9ba5-00935eaf806a,Hiring Discussion,90,11,2025-12-19,0
20f2744d-325e-460c-b7f9-e72eaa333aea,Hiring Discussion,45,12,2025-11-15,5
f79a922b-afc6-497a-b6a3-33205e969add,Board Sync,30,5,2025-11-02,4
3c6700eb-43a9-4846-85a3-54b8b46bfa81,Hiring Discussion,45,3,2025-12-07,2
5ba18d60-65ea-4d86-bc1a-34ce824919d0,Revenue Review,90,12,2025-10-27,0
f73c872e-3264-4663-aed7-cab01ebf3cde,Revenue Review,90,3,2025-12-06,4
c6d7ee0a-55b6-4a03-a91d-35b22288b3dc,Board Sync,30,3,2025-12-22,3
5f0edbac-d484-41a9-b39c-19afc3a52ae4,Board Sync,60,11,2025-10-30,0
dee51803-03be-4f6f-9470-6022246c63b9,Ops Escalation,60,9,2025-11-05,1
86cfda16-35cf-4485-8ca8-66c24f0e4820,Board Sync,30,8,2025-12-24,4
16dbecc6-3934-49b5-a9ae-42f7d1e014e4,Revenue Review,30,10,2025-11-10,0
a4970ff8-e562-4727-a8c2-5f85d3f29491,Revenue Review,30,10,2025-11-18,1
dd406b63-a2e4-42d6-8087-310241769c5f,Revenue Review,30,7,2025-12-13,3
3f5b6305-d5db-45cb-8a32-20d83980aa8f,Ops Escalation,60,11,2025-10-30,3
1655cbea-a15e-4470-9417-303b9991cdaa,Revenue Review,30,8,2025-12-07,4
9eb127f7-3204-4da6-ac8b-9cc2dec14519,Ops Escalation,60,8,2025-12-12,0
2466a1ac-27fe-4d8b-b518-f6ac1e65047c,Board Sync,30,7,2025-12-01,4
668f1e1d-db07-4e9a-8ebf-79794b4182a1,Ops Escalation,30,11,2025-12-12,3
1bd4fc2d-e016-4766-98b5-1ee20316df6d,Hiring Discussion,45,3,2025-12-15,0
46f08af0-fe91-47c9-9716-422d61c0e852,Revenue Review,30,7,2025-12-24,4
0b552b9f-ea58-4350-82e6-e89254b4b9ec,Revenue Review,30,6,2025-11-09,5
685fe645-6434-496f-ab1f-98b029175f54,Board Sync,45,10,2025-12-01,5
49ffb0bb-fe8b-476a-90b4-ab76abde7f1c,Hiring Discussion,45,11,2025-12-10,2
906c812e-ae28-4460-bb54-beecf06362ba,Board Sync,45,5,2025-11-15,1
13e8e819-4107-44f1-b93c-3459b1096354,Revenue Review,90,8,2025-12-22,2
ee351bb3-0c8e-407b-bee4-8b654b5c1cff,Ops Escalation,30,6,2025-12-24,2
555cb95b-fe04-4434-b15a-b66038cd5273,Hiring Discussion,60,4,2025-11-28,0
913b87a6-0cb5-4c4d-9f3c-c37e58a88a6d,Ops Escalation,30,6,2025-12-10,4
ddd293b2-aafd-4067-bc71-4e0457bac6a7,Board Sync,45,8,2025-12-02,1
b53da238-0b7f-4b6a-8fac-898d066b7546,Ops Escalation,30,12,2025-11-16,1
cb853c77-3a59-4092-9227-915856d1696d,Ops Escalation,30,5,2025-11-19,0
38b1fd11-2af6-42e8-af84-8cc41ca6f356,Ops Escalation,60,5,2025-12-21,5
987d760c-923a-4088-80c0-bc25f224a7aa,Ops Escalation,90,10,2025-10-27,2
860040c6-d3ba-49e5-ab71-aa51fbf2596d,Ops Escalation,60,11,2025-10-29,3
6464f8b2-36b9-47a2-aaae-3ffc8c5ea1df,Hiring Discussion,60,7,2025-12-09,3
e571b842-8c18-4be6-839d-a5669f9e08d4,Board Sync,60,4,2025-10-29,4
ea500d87-ef98-4c52-8fe6-e6118c259217,Revenue Review,90,3,2025-11-30,4
31a8f3fe-7700-4740-abfb-9716910e874b,Ops Escalation,45,3,2025-11-19,5
71ca4012-bae7-4d20-9769-9f8c97580ef6,Ops Escalation,30,5,2025-12-24,1
bcbbc593-d0bb-4dd4-b9f8-99fbd5473f65,Hiring Discussion,45,11,2025-11-12,5
a80c9095-ae0e-4763-8232-e04352dc9e31,Revenue Review,45,10,2025-12-04,5
fcedd0af-21b4-4c33-b6cd-fdb0e17fbe83,Hiring Discussion,30,8,2025-11-18,2
1e28b226-30db-4a81-a936-8e5b62bfa72b,Hiring Discussion,90,6,2025-11-20,5
277a4db9-0cec-4eca-be6d-21e72339962d,Revenue Review,45,11,2025-12-25,1
ffa92d38-d6c6-4932-8cc2-a3539dcc1f69,Board Sync,90,10,2025-11-13,1
d567179c-a385-46b0-821f-a659cfc6f5b3,Hiring Discussion,45,7,2025-12-23,3
c92d7b08-c83a-49c6-aee9-bebd0b472eda,Board Sync,90,5,2025-11-13,1
457bc621-e7bf-42f8-b755-36d564d5ee36,Hiring Discussion,90,11,2025-11-28,5
8438aa7e-4f99-4afd-8d9b-b71350a07cef,Board Sync,30,10,2025-11-30,0
eb324b57-135e-42f3-9cd7-85d36b641c12,Board Sync,45,4,2025-12-24,1
acd93bb7-a796-46a7-af47-1441ce230725,Revenue Review,45,7,2025-11-26,5
8ba4b7f8-058e-433d-b060-baea81476296,Ops Escalation,90,5,2025-12-03,1
413dcc69-519d-4166-9f9e-99cb23c66b32,Ops Escalation,30,11,2025-12-19,4
557a3700-99ba-4596-8bbd-16209b572159,Hiring Discussion,90,11,2025-11-01,4
7a2934e9-6add-4372-95e8-2fe0f1079670,Ops Escalation,30,12,2025-12-01,4
bc697d31-94d3-49ed-9fb2-375e60c084ec,Board Sync,60,12,2025-12-05,0
f9187429-1ba7-40a4-ae4e-36970e9fe904,Board Sync,45,12,2025-12-16,4
8d1e3281-90a4-4d35-8689-409d48963e5b,Hiring Discussion,45,4,2025-11-24,5
1375c92f-f4d6-4cba-9b55-81cd39b86af2,Board Sync,90,4,2025-11-07,2
4ed9b4e2-50b7-4aa8-9d15-e3acfe2cd697,Board Sync,45,11,2025-11-17,0
110745b4-fc1a-40af-9340-40768e3ef5a4,Ops Escalation,45,9,2025-11-16,1
eac783be-a951-4d82-ac0b-e6260680c7c5,Ops Escalation,90,5,2025-12-09,1
444b0524-e703-496b-b897-da6aa8167416,Ops Escalation,60,5,2025-11-26,0
d720e080-17f9-441e-b888-ea708724947a,Revenue Review,60,3,2025-12-18,1
9b045f0b-af98-4b6d-bc42-60231ece2ec6,Revenue Review,45,11,2025-11-05,0
418fb204-4aad-4361-82d4-1e1fae176181,Board Sync,30,11,2025-10-28,3
fb6d2a4f-9494-4f20-ab8d-481c161b1503,Hiring Discussion,45,10,2025-11-08,3
41eeac3d-3f78-4c8c-ac85-c419ed277ae0,Revenue Review,90,8,2025-12-15,5
c2ee0b66-d136-4f29-b30b-425f9923b956,Hiring Discussion,90,7,2025-12-11,1
f87918cd-4c84-49a6-ae31-64bca6ee1b41,Ops Escalation,30,11,2025-10-28,0
e9d32cc8-aa80-4310-9278-4fd5dc3ded0a,Revenue Review,30,8,2025-12-12,2
1fb316e2-ef3a-4161-9841-481716cb34a3,Board Sync,90,7,2025-12-04,5
77275965-0987-47f3-9ca4-93aa20e4e9da,Board Sync,90,10,2025-11-17,5
df639518-15c5-43fe-b64b-36f45acc3d50,Board Sync,30,11,2025-11-25,4
d9f75c78-8cb4-44e5-9e0e-11b16f6fa2df,Board Sync,90,3,2025-11-24,5
bb67959c-e9ed-4837-8497-5426fded3852,Board Sync,60,6,2025-12-06,3
74753bbc-98c9-4826-8a15-664dff3fd59b,Revenue Review,90,10,2025-12-12,5
405e6623-7156-4fe4-a503-086a772c8a6e,Ops Escalation,60,10,2025-11-27,2
48ea061a-b8af-48ab-96c4-6d15c3cb3519,Revenue Review,90,3,2025-11-05,2
1c6c9534-ea66-44c3-b5aa-3224c5485052,Board Sync,45,12,2025-11-28,3
3c24d997-433d-4586-9d73-4fdc7c4089dd,Revenue Review,90,11,2025-11-09,2
71ed66a8-b6da-4a38-ab60-4091d178dc26,Hiring Discussion,60,11,2025-11-05,5
b1924891-5123-4ee9-b376-b5e5bbafac91,Board Sync,60,6,2025-12-11,4
c334d7be-f99a-4367-b980-18af05d882b0,Ops Escalation,90,4,2025-11-24,4
7569261c-da7c-4b0a-9f37-7e62ed945806,Hiring Discussion,90,3,2025-12-06,5
a34a35c4-94c2-41f9-88dc-6ddbe87a01d4,Revenue Review,30,3,2025-12-01,5
f5f7fc19-6e83-4b70-ae32-f88666d833d4,Board Sync,45,7,2025-11-26,4
cd6459b8-7105-4c29-ad90-1e45d7021ef3,Board Sync,30,4,2025-11-24,0
5b2528f2-3971-4322-a645-36c4d33c0b18,Board Sync,90,9,2025-11-05,0
f9aa70b1-0dc3-45f1-8823-440f1d1c1cc6,Revenue Review,45,9,2025-11-07,4
d1e4b905-706e-48a1-bccb-c3733190ea2b,Revenue Review,90,4,2025-12-05,4
219117b3-b7c5-4127-bede-0e2f473de44e,Hiring Discussion,90,11,2025-11-23,4
55d09f4a-c428-4f36-9daf-baec90e31ffd,Ops Escalation,60,11,2025-12-04,3
84441218-dfbf-4d6a-8405-f70f67c8ce87,Board Sync,60,3,2025-11-08,2
63d0e793-0ba5-4d61-be80-e8104346c26b,Hiring Discussion,45,9,2025-12-14,2
528d3c70-2408-4daa-8c08-13b1d85d3fc6,Hiring Discussion,60,11,2025-11-03,3
f435b6b0-5f0b-40cb-9ff4-832f0c3d9ebd,Ops Escalation,30,10,2025-12-19,0
f8ec891e-a00b-4bab-bcc4-1b10e2037300,Revenue Review,30,12,2025-11-23,3
a1441fc8-fdbd-4940-9ca0-5b3c50f81a02,Board Sync,45,10,2025-12-09,1
00317ebf-b51d-42d7-9755-1a4bbad4d566,Ops Escalation,90,6,2025-10-27,1
811ecc85-155d-405f-ab45-8a901659438f,Board Sync,90,5,2025-12-06,4
6e808671-1ebc-46ac-9640-2a4323433f6a,Hiring Discussion,45,8,2025-11-08,5
911e2717-6184-4cb8-825a-41203ed45024,Revenue Review,30,4,2025-12-03,2
37a58d4a-13ba-455b-b53e-e9f648eef89c,Ops Escalation,90,3,2025-11-07,3
6f8e3842-634e-435d-b41d-bdd48c308729,Hiring Discussion,30,9,2025-10-28,4
1c5a5646-6035-49d7-b333-2c967198f359,Ops Escalation,90,9,2025-11-24,1
33e4c5ea-2863-4738-aa9a-8de545478b28,Revenue Review,30,12,2025-11-23,4
6ab60ec2-fa27-47cd-a9f2-235a672a1faa,Revenue Review,90,9,2025-10-30,1
bc5eebce-47d8-4ddf-8db6-37dc803efb09,Board Sync,90,3,2025-12-11,0
8fad0e85-44cd-416a-841f-640856fc61b5,Board Sync,60,7,2025-11-28,2
1b946e70-2c65-4a42-bdf6-c189c5609631,Hiring Discussion,90,7,2025-11-12,3
30259aba-79ed-4f74-87cb-a7b5cfe9c190,Ops Escalation,60,6,2025-12-22,5
474a415f-d05f-4036-8882-f3cba06b368b,Hiring Discussion,90,8,2025-12-13,4
52881926-6db7-4217-8f85-0e49b7a4d13b,Board Sync,45,10,2025-12-25,0
79641df5-22b9-434b-a211-18a409929010,Board Sync,90,12,2025-11-01,5
5c535f8c-15d7-4c79-906f-f931c8fc7767,Revenue Review,30,12,2025-12-13,3
aab7fef1-9fa4-4093-a9b8-7106c1c06f44,Hiring Discussion,30,7,2025-11-08,2
387b4a51-cb38-4a80-a72f-266a0329329b,Ops Escalation,45,5,2025-11-13,2
9be3597d-6b59-4c41-9f06-a69c993e3978,Hiring Discussion,45,6,2025-12-16,2
edc7753f-a916-4212-b311-e92b5d94bb69,Board Sync,90,3,2025-12-07,4
feff06b0-db42-4585-baa3-d40474de6fc3,Board Sync,30,7,2025-10-31,5
cf00df44-a41e-4dd6-869d-723a111f2687,Revenue Review,45,7,2025-12-21,3
739013f2-e57e-4c93-8548-ba5a382c5579,Hiring Discussion,30,4,2025-12-15,4
21ee4123-eaf9-4be1-a77e-6ba74af5b963,Board Sync,60,12,2025-11-23,5
f292b387-542f-4a37-8ec8-5a4a6e087ccb,Hiring Discussion,60,3,2025-11-18,4
1e04fc57-645f-429c-a26b-0c4a4242abaf,Revenue Review,45,7,2025-11-14,0
212b5534-96c1-4bd9-a2fd-8fe8876d0b04,Revenue Review,30,12,2025-11-13,0
9baa517e-eb89-4771-867d-e26547022fb4,Ops Escalation,90,6,2025-12-18,4
65cdbb72-bc95-41f5-86ed-48bd2fa73da9,Hiring Discussion,30,11,2025-11-01,0
c6582257-f261-4dfa-8233-b30317eb7f90,Revenue Review,30,7,2025-12-23,1
5e3e32ea-96b9-4884-a07a-d5b3f476c04c,Hiring Discussion,60,6,2025-11-26,0
b38b9ba7-01d1-444b-91b3-950c215e84e9,Revenue Review,60,9,2025-11-15,1
dce7484c-113d-47c3-9bb8-835372c9d3d1,Board Sync,30,5,2025-11-02,4
efb3a481-1a9b-474e-918d-5511609ff469,Ops Escalation,45,7,2025-10-29,5
5a86feb3-803b-4bda-a9cc-8f5bb710ac22,Ops Escalation,90,11,2025-11-23,2
d72d7e09-004e-4979-9f44-002087018bc0,Revenue Review,90,4,2025-11-25,2
14f6c32c-ec64-437e-ab50-9112509ca17c,Ops Escalation,45,8,2025-11-20,5
48e25234-b9a6-49d7-b47f-d09651987cb1,Ops Escalation,30,6,2025-11-29,4
dc92cee8-05bd-4dad-900d-8b9110a837d3,Board Sync,90,11,2025-11-28,0
ea0927d2-99e2-45cd-baee-08e0163e32f1,Ops Escalation,30,5,2025-11-28,4
24452baf-65bc-461c-984d-5fc8af7bf43d,Board Sync,45,8,2025-12-25,0
a909e98a-0277-414c-b9dc-9f6514366d25,Board Sync,60,3,2025-12-20,5
5cdf07cd-8836-4c20-98fd-db1855d714e7,Hiring Discussion,30,5,2025-12-17,5
0e7e99a9-f8fe-4c85-958e-fa956c6ef4f3,Ops Escalation,60,11,2025-11-19,5
a86187d3-5233-4010-b5e2-3b9cdda4efc2,Hiring Discussion,60,12,2025-11-05,3
dbcd0666-dd26-4531-b92f-a0105e0ef8c4,Board Sync,45,11,2025-12-01,5
e63cb995-ba36-403c-8114-1f2b62f2b5df,Board Sync,45,12,2025-11-26,0
afce8b48-ec2f-4d99-850e-0ff7f7533bd9,Ops Escalation,30,6,2025-12-11,5
6027bca8-c504-4bc2-928b-4d3a700b7ae1,Revenue Review,60,11,2025-12-23,3
6c0934ca-b0d0-4647-991c-076273baba87,Ops Escalation,30,10,2025-11-01,2
ba17c37c-5147-41ca-8230-cc802d7545d4,Hiring Discussion,90,5,2025-12-02,3
2938d94a-f524-4778-b3bc-a52b025ef0a0,Hiring Discussion,90,6,2025-11-29,3
7190cb58-956a-4978-a8b1-298e1835b849,Revenue Review,30,12,2025-10-31,3
8b7ffd17-2478-460b-a725-d62c7faa3990,Hiring Discussion,30,12,2025-11-10,3
8192e296-e477-43c5-a210-00db92f165e1,Hiring Discussion,45,3,2025-12-09,4
04e35afa-9adb-4ed0-9436-1ac962e4061e,Revenue Review,90,8,2025-12-23,5
1e45eb08-757f-43c3-a880-ef9815b7969d,Board Sync,30,6,2025-12-06,5
193aa701-631c-44ba-8170-1347f91738c9,Hiring Discussion,60,6,2025-12-10,4
edd10670-399f-46eb-bf25-27a700683e2b,Revenue Review,45,4,2025-12-01,0
1c2e53f4-022c-41b1-acf7-f46bb8f4f45b,Revenue Review,45,3,2025-11-23,1
535c40a2-5029-4fe4-b274-4e64b17b2804,Ops Escalation,90,10,2025-12-09,2
04977617-877b-44e7-ac65-865027978ced,Revenue Review,90,11,2025-12-13,2
d5bb0539-e2a8-47b0-bf50-571ebf8d5b4d,Board Sync,45,10,2025-11-15,2
c3eb2363-30be-49ca-944a-420ab309adb1,Hiring Discussion,45,10,2025-12-15,4
e3df7a76-c23a-4336-befd-9f1f745349d4,Ops Escalation,90,10,2025-12-02,0
cdffcb4b-c2f5-4ee4-9ccb-66c8c3e51ae2,Ops Escalation,60,10,2025-12-15,2
d8de4466-f165-4db2-93f7-8b7252d65bd8,Board Sync,30,12,2025-11-29,0
5acc9f63-33ee-4ce6-8640-82c3611ffdc2,Revenue Review,90,11,2025-11-02,1
485a297d-f0f1-4f91-aaae-c79a54882fbc,Board Sync,45,4,2025-11-23,3
197819e7-7f0a-4ccc-a03a-bdc2a85b0768,Ops Escalation,45,10,2025-12-24,0
cd620895-d548-45b9-a867-8c4e33910cf6,Hiring Discussion,60,3,2025-11-30,1
6946355a-1e7f-49fa-b393-b5303cb2d240,Hiring Discussion,30,4,2025-12-10,1
5b7d88ab-80e8-450b-aa95-28d87dd41d20,Ops Escalation,90,11,2025-11-22,1
2d534c3f-8d41-4a6a-9e1b-85f8b8a699c9,Ops Escalation,90,8,2025-12-01,1
4143b594-2ea3-4233-baa9-2e0c179c60b4,Hiring Discussion,45,11,2025-12-24,2
98c1e5c6-664b-4f28-8bfd-582ee65e7069,Hiring Discussion,90,7,2025-12-22,0
98a7cc7a-d1df-48af-b4f4-2ff91a16e688,Revenue Review,60,7,2025-11-23,4
e8e10de6-299c-493b-85b3-b12f6eb59299,Board Sync,30,11,2025-12-12,3
c36d94b7-a08a-4e4b-9105-68ff4bf9f2b6,Revenue Review,60,10,2025-12-02,2
a352d8b1-8b10-44bd-93c7-eb40ec7d6b31,Revenue Review,90,9,2025-12-05,1
2e38e78f-e19d-4b43-9ba5-5dfd91e8b106,Board Sync,90,3,2025-12-05,0
9365cf89-6061-4472-899c-52023512e048,Board Sync,30,4,2025-12-11,5
2cd0512a-91f1-446a-93db-959d57c0b346,Revenue Review,60,11,2025-11-12,3
a63064ed-1a9b-4a3d-be3d-5aac5e9a45d2,Hiring Discussion,60,12,2025-11-02,3
0b99940a-0e97-4c48-a77d-bb1cdcdd587f,Hiring Discussion,30,7,2025-12-17,5
4a1a73d2-dcf9-4bd9-a5dc-2f7168706da4,Hiring Discussion,90,7,2025-11-10,1
0f772579-4d83-4e9c-a401-2dabcf2b88e3,Hiring Discussion,45,12,2025-12-08,1
67a46e0b-1b77-4e46-88d8-fc9981c92903,Ops Escalation,45,6,2025-11-26,0
24ae36e4-332f-4381-9898-564721f10cfe,Board Sync,90,6,2025-11-20,3
458d7fa2-3f6e-4ac7-9005-4b8caff5ed43,Ops Escalation,90,10,2025-11-18,4
1687871e-6cde-42a9-9bb5-f767fb321b18,Board Sync,60,3,2025-11-08,1
7b82f0ff-50c1-4710-98c9-352918cf3196,Revenue Review,45,4,2025-11-16,3
4dd96ec4-8b90-4d62-8c07-ff9896a6a9ca,Hiring Discussion,30,8,2025-12-23,3
c60e4080-993d-4069-ad2e-c80b44992493,Revenue Review,90,5,2025-11-14,4
b1ecb000-48b4-44a6-883e-f299dbd9225a,Ops Escalation,30,7,2025-11-11,3
cea6dba0-5696-454c-b476-5bf126811969,Hiring Discussion,60,8,2025-11-02,3
c3277a8b-cb60-46fb-8510-b9c8d3378175,Hiring Discussion,60,9,2025-10-29,5
556925d2-9e6b-4e69-8863-112375805c1b,Board Sync,60,3,2025-11-05,0
daa7d770-372a-4cb8-9b53-fd85ddfabc2f,Ops Escalation,60,11,2025-11-27,3
4ef2d643-6f50-4716-85fc-412f5ea7538d,Board Sync,45,12,2025-11-11,2
fd17e022-93af-4cbb-a479-1a85b5b6ece8,Board Sync,90,12,2025-12-11,5
1e8bbab0-9938-4c53-8d7a-00e604ea4d09,Revenue Review,30,4,2025-10-27,0
28c59553-8b8b-4300-8b48-3fe3ebddb876,Revenue Review,30,10,2025-12-19,3
f588b333-f528-4e4d-aeec-807dc0639b23,Board Sync,90,3,2025-11-30,2
c0524fef-4510-44ae-8f76-a40ac3ccdf92,Revenue Review,60,10,2025-11-15,3
00627040-635c-4a6d-ac8d-2fb0ab51ac09,Board Sync,45,7,2025-12-09,2
d7442235-3b91-40c7-b43e-3d4137a847f2,Revenue Review,90,3,2025-11-30,3
cbc426ac-0319-42c2-a4b7-9ae3ae242cb7,Hiring Discussion,90,7,2025-11-27,1
ae6c81d3-e37f-4429-9179-311f5f13fac8,Hiring Discussion,30,5,2025-12-21,2
991aa1b2-c445-4ba7-8efb-566094b20b28,Hiring Discussion,45,4,2025-11-19,1
e6fa3aa3-cb2f-4fe7-8361-07fec6f54f8a,Hiring Discussion,30,3,2025-12-18,2
ec201271-8507-4291-a3c7-a2f23e39a2c2,Hiring Discussion,30,3,2025-10-27,2
da7c0a86-a203-480a-b9b3-f6345d281720,Revenue Review,45,11,2025-12-04,5
4b3b4b15-3039-4bde-9c0b-75f3dd4af074,Revenue Review,30,3,2025-12-24,2
e4f56a9c-3ffa-4d06-8f24-ef9d4240c805,Ops Escalation,90,4,2025-12-09,5
d239c99c-7660-4c53-82ef-4aac90b27bb2,Hiring Discussion,90,11,2025-11-30,4
5eb552b4-4a16-4742-90d4-5ded8757dd81,Revenue Review,30,9,2025-10-29,4
3bebe7eb-9df6-4848-a0ae-ee643aa695da,Revenue Review,30,10,2025-12-16,5
c371d799-7f49-48db-b3fb-d98aa6726b3a,Ops Escalation,30,4,2025-11-25,1
b528afbd-0bc5-473e-942f-994962d1db69,Ops Escalation,45,7,2025-10-29,5
5cf7105a-65f3-4e05-870b-238df65f1994,Hiring Discussion,60,11,2025-12-04,3
be4c0506-b52b-4f6d-8754-6fcff7af8c04,Board Sync,90,6,2025-11-09,3
5b434c29-5f36-4555-b6f4-c6d877fada9c,Revenue Review,30,10,2025-11-09,0
39a2ca0d-9d71-4d1c-be20-a342ce65f966,Revenue Review,30,9,2025-11-13,0
1484f1a8-38d8-4aac-879b-bd6d30591d0f,Hiring Discussion,45,5,2025-11-05,5
f8004a5e-c4fb-4a09-97ce-9320ea23053f,Revenue Review,90,10,2025-12-19,3
953be500-e7c4-4af2-8b20-c0f6ab5c2bd9,Board Sync,45,7,2025-11-13,2
72250e48-9a50-4ac2-88dc-eb84fa36faf6,Revenue Review,45,10,2025-10-29,0
d86b25b2-482c-4938-ba7f-9e3416c3d293,Board Sync,45,7,2025-11-02,5
1c58eb33-a7e7-4913-8bc9-65ea8c8b685e,Ops Escalation,45,11,2025-11-27,0
592c6bc2-a2cc-4c9b-925b-a53245655091,Revenue Review,60,12,2025-11-03,2
7e6f16c2-cfe1-408d-b8cf-988ec05e33ac,Ops Escalation,45,3,2025-11-15,4
01a5a579-3a1d-4b24-832f-bcc747f66454,Ops Escalation,45,11,2025-11-23,2
0c47a5b5-061e-46ec-b294-d719b54cfa77,Revenue Review,45,4,2025-11-19,0
656980fe-1fc0-472d-ac24-0cfa30bda590,Hiring Discussion,90,7,2025-11-08,3
b53bc4e4-902e-4009-a5d3-c5c223a6a862,Hiring Discussion,60,10,2025-12-15,0
42c82fd2-3211-4dfa-993d-36ac29771fdd,Board Sync,90,12,2025-12-25,3
7cdac0b3-979d-4c15-8877-4abb37450123,Board Sync,45,9,2025-12-22,0
d1851a5a-f029-4293-99be-9b5e96602f8f,Board Sync,60,6,2025-11-02,4
b0df5265-cd91-49d6-9294-060bad9f214f,Hiring Discussion,60,4,2025-12-22,5
bc5de3e2-2355-4ea6-91d6-40271ef4e78f,Hiring Discussion,30,7,2025-11-26,0
39703f00-a4f3-4648-b781-654fb646b696,Board Sync,60,11,2025-12-08,0
a0a87cfe-410e-4379-aef8-21e0b0830227,Hiring Discussion,45,3,2025-11-20,5
7287349a-596e-498c-ba40-e85672bd68ca,Board Sync,90,5,2025-11-15,5
567b69f9-d9be-435d-8d7d-138386529b18,Hiring Discussion,45,5,2025-11-05,0
6e6644a4-3b9a-4252-9b09-3b0f006a7775,Revenue Review,45,5,2025-12-02,1
f6f57c62-1367-49ff-b3f9-c3d60aa4ab45,Board Sync,45,4,2025-11-22,1
fc73cb35-6f35-443a-8010-672086bdae04,Revenue Review,90,4,2025-12-06,5
5c05f39d-6280-4443-a0a3-9f0b0f9f1767,Ops Escalation,60,5,2025-12-07,0
c38df406-d8ef-46bc-935c-7655a27d50ad,Hiring Discussion,45,8,2025-12-14,1
53ba297b-c1be-4c18-accd-852d411465bf,Hiring Discussion,60,9,2025-11-28,2
95de1518-27b5-456d-8284-a3b8aa6660a6,Hiring Discussion,60,8,2025-11-22,3
14db82ff-9eb6-46d7-9f34-f35c1178c5ad,Board Sync,45,9,2025-11-08,0
c5973405-5b28-4a6f-9e80-599cf3432f3f,Revenue Review,30,7,2025-12-03,1
35982403-4fd3-419e-b5d1-cf8fe6bfdd39,Board Sync,30,11,2025-12-25,5
94a358bd-f232-423c-9df8-e176156af460,Ops Escalation,60,6,2025-12-03,0
20846879-08ee-45e6-9597-be25d3949ca9,Ops Escalation,90,10,2025-11-24,0
ecc8b9d2-ce07-4005-9a94-3f44ee79f0b5,Board Sync,90,5,2025-11-16,5
f7ce9080-667c-4283-a6bf-3d96f6eece81,Hiring Discussion,45,3,2025-12-19,3
0f067d04-70dc-4229-a636-895b44ce8835,Hiring Discussion,90,7,2025-12-01,5
92d536ca-6e03-4371-a667-48394d062ccc,Hiring Discussion,60,7,2025-11-05,4
448bb469-fe34-475f-81b5-55cc44896765,Hiring Discussion,45,10,2025-12-04,0
0b961924-87a7-41e9-a3a6-09e4e62735aa,Board Sync,90,3,2025-12-15,3
bcb8c03d-6bf0-413f-801c-046fad891de2,Revenue Review,90,12,2025-11-13,0
5b273998-6ddb-4610-9ead-96df667f10d2,Board Sync,90,8,2025-12-23,2
0041b40a-4ca0-4994-b5e2-10dcfc0929f9,Ops Escalation,45,7,2025-11-18,5
ee0a0df5-3fd8-42ed-92e0-3f63a81409b7,Board Sync,60,3,2025-12-13,2
c33813c3-e438-4bfa-8fc9-7c7e88fdd966,Ops Escalation,90,5,2025-11-24,3
44c51ab3-3205-44d1-95b2-89b1e6ed6c69,Revenue Review,60,10,2025-11-28,2
d5e9d699-c5c7-4e61-b59b-5c82ea0475e9,Ops Escalation,45,6,2025-11-08,3
3eb86d64-bfcf-443d-afa7-3e6bf4c358e3,Ops Escalation,30,7,2025-11-13,2
deb8d80f-b095-4b08-aeda-e63403de8ccc,Ops Escalation,90,8,2025-12-11,5
f1a36d47-c1c1-4260-9e7c-a625c4ad0e14,Revenue Review,60,11,2025-11-16,0
8393339e-773e-41ef-851c-a2dd1eb2aeff,Board Sync,30,10,2025-12-21,2
f21c5eb4-58e5-4a96-be8f-b7f1a70ec1db,Hiring Discussion,60,10,2025-11-21,4
c1702e48-69f3-479f-b410-a19335b5018b,Ops Escalation,45,8,2025-12-05,2
7fa9cfc0-bb41-4dcd-b62a-58700e240e98,Ops Escalation,45,8,2025-11-14,4
73ec7b63-7c2e-4c99-848f-d3da9da5e09c,Revenue Review,60,11,2025-12-08,3
22f52fdb-82d0-4565-8e9b-8e1f2515985a,Board Sync,30,3,2025-12-07,5
b50dd7a9-253c-41b9-9143-2f23a9906b35,Revenue Review,45,12,2025-11-26,4
63cd105b-e955-4ffd-b363-1a6321c5fd74,Hiring Discussion,90,11,2025-10-31,3
37abda48-7f45-473d-afe3-73c8aa0200ea,Hiring Discussion,30,9,2025-11-20,0
0d43d6ad-9aeb-4b35-99d2-8bb5faac4c16,Hiring Discussion,60,10,2025-12-05,4
069d036a-33c3-4446-97d9-430b58db2e9a,Ops Escalation,45,9,2025-11-25,4
6fb1a363-243e-4921-aa6e-c98ad29b947e,Ops Escalation,60,9,2025-11-07,1
0e315d8c-38fb-4be4-9d55-f6d52f9f3f8b,Hiring Discussion,90,5,2025-11-21,4
da766108-6f2d-48e0-b987-2499b1167961,Revenue Review,60,4,2025-11-14,1
763e94c4-8d49-48a2-815a-2262b43eb914,Hiring Discussion,45,4,2025-11-19,2
3da5c9d3-9eb9-4ef3-be26-72d6c2eb79f3,Ops Escalation,90,9,2025-12-19,5
4be413dd-5cee-4c56-aaf5-6558bbf8fca7,Hiring Discussion,90,8,2025-11-11,5
a7deaf2d-2120-4080-8f49-0e3e82b25c4b,Revenue Review,45,7,2025-12-22,0
bfe66ab8-0799-47b8-9b9e-cea40662a6b2,Hiring Discussion,90,4,2025-11-01,0
934127fd-172a-488f-b596-e47a3d13c4c7,Hiring Discussion,30,11,2025-11-23,4
1567d5f5-f302-4658-a5a3-415239d2b04b,Hiring Discussion,45,6,2025-11-12,5
d08c258f-ccf8-44a3-b4d0-3edc1d8a70f7,Hiring Discussion,45,3,2025-11-22,0
c3fa70ff-8038-414a-80ad-3108465c3233,Board Sync,45,5,2025-11-12,4
43a0009d-8320-4698-abd5-c9453fe1a179,Ops Escalation,60,8,2025-11-20,0
ac35ad18-7ecf-44e0-8b54-e94a79a54f73,Hiring Discussion,45,11,2025-12-09,1
1a97cda3-ca13-446a-98a3-67a3dfe49a25,Hiring Discussion,90,3,2025-12-20,0
5562c9f8-d584-422a-bf44-c51f4bec771a,Hiring Discussion,30,9,2025-11-15,5
f089bbe5-bca2-4a24-961d-962909bae95e,Ops Escalation,60,5,2025-12-08,1
6c8d8ff4-aeca-4ab5-9b25-03c0f6614aaf,Revenue Review,90,4,2025-12-18,5
7f3b93fc-3919-4fa4-a740-dda8ac7ad0a9,Hiring Discussion,45,6,2025-11-14,2
aa0efb7c-fbaa-457a-b439-ffa9db137a32,Hiring Discussion,60,10,2025-11-08,0
726408c8-07bf-4103-9162-0d94fefd33c3,Hiring Discussion,30,11,2025-11-01,2
2030990e-0640-4b86-b3bf-b1e78df86d5f,Revenue Review,60,10,2025-12-15,3
ca48419c-8392-4506-9987-1cf6a811759b,Ops Escalation,45,5,2025-12-12,5
9e14eb9c-f236-4814-980e-d3e8f3a60393,Ops Escalation,30,12,2025-11-13,0
9890278b-3e5c-4adf-9d55-2c04c6358f72,Board Sync,30,9,2025-11-04,0
d2fd130d-8cf9-49a9-a24c-4fec4e9f3d38,Revenue Review,30,12,2025-12-17,3
72a40734-a3ed-4eb6-a727-be6e8bc5a15a,Board Sync,60,3,2025-11-06,4
06c5a8fd-99ec-4913-bdeb-4c41a1fae65d,Ops Escalation,90,6,2025-11-20,3
2ca5b4bb-084b-445a-9caa-2bd93eedf23b,Board Sync,45,11,2025-11-25,4
2968fbab-79c2-4500-9029-0a48b51b36f7,Ops Escalation,45,12,2025-11-06,2
d5330a51-f4d5-44b6-9e66-a8a0b9579bd0,Ops Escalation,30,9,2025-11-16,0
2d4ba97f-d9f4-48b8-ba2b-da27d8fbd124,Ops Escalation,90,3,2025-12-02,2
15a50b9d-d7e1-4a3d-9b46-c5b2dfdbe4b0,Revenue Review,60,4,2025-12-16,4
42b18371-14fa-4aec-829c-a88be6970735,Board Sync,90,10,2025-11-30,4
d1a25d11-4ef7-42d2-8c00-cc4b3f8f312d,Revenue Review,45,4,2025-12-25,3
58a08e0d-739f-4db5-a8bc-3e32ea1dfbd4,Revenue Review,60,6,2025-10-31,1
d01892e5-8cf2-49f2-a1d1-8855c0cae0cf,Board Sync,90,3,2025-11-17,0
6ce78447-de56-498a-a285-f9785083f55a,Revenue Review,45,8,2025-11-02,4
cbb2c867-d841-4602-bc4c-1960a5877422,Hiring Discussion,90,6,2025-11-01,0
e50cf855-34f0-4232-b5fd-aaf41906cb12,Hiring Discussion,90,12,2025-11-25,5
daa52ae2-1ec4-4416-8655-bd1ba4cb2e73,Board Sync,45,5,2025-12-12,2
6ece2e71-72cc-44d3-ab3b-75b70cec0055,Ops Escalation,90,3,2025-11-09,3
5118d4f2-e8d0-4a0a-8126-214a0914ceb9,Hiring Discussion,30,6,2025-12-09,0
d9628ae7-3d3d-437f-9572-60e481c1c038,Hiring Discussion,30,7,2025-10-27,5
93f941f4-f7ba-4c14-ab41-b074b6cf522f,Board Sync,30,4,2025-12-02,5
d286b7d5-3a69-4e21-8431-0852b67a89d7,Revenue Review,45,10,2025-12-25,2
afbe94c2-3059-45da-a95c-18aeb49476cd,Revenue Review,60,3,2025-11-27,2
5d8af34f-681c-4f54-bfe0-e199fa832f86,Revenue Review,60,12,2025-11-22,0
8323f7cc-3380-4089-9498-13722d55a68c,Revenue Review,60,3,2025-12-14,4
e924c1db-6c3b-45a5-8289-5881f8a30dae,Hiring Discussion,60,12,2025-12-04,5
5ea7b241-7979-44ac-9d4c-d15266602287,Revenue Review,90,9,2025-12-02,1
24e51fc7-c66a-4bf4-b48a-64ce92825df8,Hiring Discussion,60,6,2025-11-13,1
6b16e416-931f-4859-9940-635a7578e8e9,Revenue Review,45,5,2025-11-19,1
91e767a7-9710-438d-b4bd-552bb7591b59,Hiring Discussion,30,11,2025-12-25,3
fd2e5e5d-e67d-46d3-93af-ea64a4d541fb,Board Sync,30,6,2025-11-24,2
26165f9a-01bc-4b9c-987c-2234daee6ac7,Board Sync,45,8,2025-12-01,2
6e596cfb-7e45-4787-bcf8-44225576a058,Revenue Review,45,4,2025-11-16,5
5691cb44-aa86-4987-b1a3-28f7e7581d02,Revenue Review,30,10,2025-12-05,4
52bfe87e-5f7f-4690-96ec-12a62cb6a2cc,Hiring Discussion,90,8,2025-11-16,2
02617a6b-a537-47c8-b1a2-0b53e9681f8d,Hiring Discussion,60,3,2025-12-16,1
7f71eb4d-9f9a-4727-a2b5-c8c9fa96d486,Hiring Discussion,60,9,2025-11-30,2
e94430bf-28bb-4175-a3b5-9f343bb0195c,Revenue Review,90,8,2025-12-13,1
4260f35d-1426-48af-89f2-7a4bbc06f991,Board Sync,30,12,2025-11-11,2
3e6f4221-4c6c-487b-b827-fce70c561410,Hiring Discussion,45,11,2025-10-29,5
e27677bb-dbbf-470b-98a9-4a69a07605a1,Hiring Discussion,60,9,2025-12-10,4
a1c49af0-f4b5-42c7-b7a8-5960ed8a1ea2,Hiring Discussion,60,5,2025-12-17,0
0dddf93e-b103-4235-8d54-a20817b3bc7a,Hiring Discussion,30,8,2025-11-18,3
ced64d57-72b5-4dc9-a660-502f9027fc32,Hiring Discussion,45,3,2025-12-16,2
4b7ae402-d68d-4ec4-9885-7baa29230f48,Hiring Discussion,60,10,2025-11-05,5
35cbd726-1f88-417f-a519-8b1566d3d14a,Revenue Review,45,5,2025-10-28,2
8a9c9121-2e3c-44db-8264-665d677a50d5,Revenue Review,60,8,2025-11-27,3
6ea65bba-9a85-47ad-b045-14bfbd2da994,Board Sync,45,11,2025-11-24,2
17508cce-9bf4-41f7-96db-a7fda48420f7,Board Sync,60,6,2025-11-21,5
ca777304-e4e8-4cce-a23c-c42ffa939e13,Hiring Discussion,90,3,2025-10-30,3
2a435068-c39f-44da-9829-a7d0886f1631,Hiring Discussion,45,7,2025-10-30,0
06ca3bd3-406f-46f0-af64-736193978513,Board Sync,45,3,2025-10-29,2
e5cb2300-32ed-44e2-a470-b69bebcbcde9,Ops Escalation,45,3,2025-11-03,0
23620127-1336-469c-bffe-e27e641fed0a,Ops Escalation,30,12,2025-12-21,5
bff6b3d2-58ca-4649-adf8-bf4d677066cb,Ops Escalation,45,9,2025-11-26,4
ee4a2b4d-1aee-4e9b-a9b0-4ca111f67079,Revenue Review,45,5,2025-12-19,2
ea73ec40-e980-4791-9703-ba48fdcdbe6c,Ops Escalation,45,9,2025-12-24,4
199150c9-c4f1-4ee0-a231-596667862d5e,Revenue Review,60,9,2025-11-12,0
575094b8-aef3-41cd-bbdc-ba3bd4790384,Board Sync,45,11,2025-11-20,5
1cc292f9-3cb3-4288-a314-ce4e37a9b1e0,Board Sync,30,5,2025-11-07,5
a522989e-dcc7-42a5-acee-242964cfc214,Revenue Review,90,3,2025-12-13,1
941566a1-1dde-4c03-85f9-32824dd54c57,Revenue Review,60,7,2025-12-05,4
bfbb8cb2-61ce-4520-90e1-b67acab1949f,Hiring Discussion,90,8,2025-11-20,5
67c9c82e-8a21-4238-a073-ea21a8c9b078,Board Sync,45,9,2025-11-20,4
d7cac472-0fd3-4906-8391-fb9f83682c94,Board Sync,30,7,2025-12-19,0
dc076e65-4e16-4b5e-b8a9-f5a0ac876136,Hiring Discussion,90,9,2025-12-17,1
174c7b1e-6cdf-43f7-bca4-6444c877c1da,Revenue Review,60,5,2025-12-23,2
4b8f5de6-be57-4661-8967-fbdfef94ed3a,Board Sync,30,5,2025-11-28,3
bed67d98-bcf7-49fe-b477-e71bfe231791,Hiring Discussion,60,7,2025-12-06,5
c45c4eff-4820-4d73-8a62-aabcfdfa84c8,Revenue Review,60,11,2025-11-03,1
6d89b4bf-b9ef-410a-ae6f-0abe0cfad42b,Board Sync,60,7,2025-11-09,5
100da866-8eed-491f-b133-bd42e45bf992,Hiring Discussion,90,11,2025-10-29,4
9708e5f1-f5e3-4882-8939-202798536219,Ops Escalation,90,6,2025-12-12,5
fc248922-d067-4721-b692-26d6e7165847,Ops Escalation,30,7,2025-11-23,4
062d32ae-291b-4fd0-ba03-8a311db609e3,Hiring Discussion,60,11,2025-12-06,5
b1344537-2615-481a-b2db-039665f67a2e,Ops Escalation,30,11,2025-11-23,0
42b1a08b-bc37-40d1-8bdf-63232866d9f1,Hiring Discussion,30,4,2025-11-20,0
dd0a831a-3ba8-4140-9cbe-b8e5e8d360bc,Board Sync,60,12,2025-10-29,3
82c96cb3-d267-4109-aecc-38e320ab4942,Ops Escalation,45,5,2025-11-23,1
b2eb6a8b-d0c9-4077-8da7-36e3060f0a45,Revenue Review,60,7,2025-11-14,4
5640652a-79d9-4a17-aac6-51f1ad709990,Ops Escalation,45,7,2025-12-08,3
68703848-8f1a-423e-afc1-74defc084876,Board Sync,30,11,2025-11-10,5
3d7b0f99-1982-4055-8396-93b13b814a41,Board Sync,60,4,2025-12-18,0
5485bf26-c70a-4617-8da6-c5bdb146381f,Revenue Review,90,3,2025-11-07,3
fe9a9747-c041-4a6c-b6ab-852a1b082ac1,Board Sync,45,5,2025-12-02,3
7eff6cb3-e534-4163-a048-2d9468ac5059,Hiring Discussion,45,5,2025-12-11,1
03c4444c-be79-4b8b-bbbe-028a1d90bc2c,Board Sync,90,7,2025-11-16,4
e178392e-d733-494d-8d20-e0b67be8dddf,Board Sync,60,11,2025-12-09,3
07c37dd6-5c82-4c54-b436-f8e0d22d04ed,Hiring Discussion,90,6,2025-10-27,1
db3d0ec5-9c8a-476d-8f9f-81622ac0827a,Hiring Discussion,60,7,2025-10-28,2
581fef51-d743-4749-bb5b-a67322043484,Revenue Review,60,5,2025-11-09,0
432b6ef2-6a8a-4b0b-909a-f80303caf35e,Board Sync,90,6,2025-12-24,5
eafedd81-de2a-417d-abe6-9bcb65647468,Ops Escalation,30,11,2025-11-30,1
244b2fec-e3d9-4dc9-b63b-c1d7fc514106,Revenue Review,90,11,2025-12-02,3
bf008751-0d8d-4dac-964b-c34614d5fde7,Revenue Review,60,10,2025-11-30,4
b56201e6-9454-4a28-bfc2-e69f6c742d98,Hiring Discussion,45,9,2025-12-08,0
16cfd274-c4f3-414f-854c-d6c3d5189563,Ops Escalation,45,3,2025-11-09,5
6e534d6b-0f77-416f-852b-34a02ec92ceb,Revenue Review,60,4,2025-10-29,4
6e41f134-fe13-499c-932d-b38866285299,Board Sync,60,3,2025-11-21,1
8dd9bc71-2727-4479-bde7-9228d00ab745,Ops Escalation,90,9,2025-11-21,0
358c1e68-46d4-41b9-9350-73a543d150c8,Ops Escalation,30,5,2025-11-18,0
2c63c912-f78f-496e-bf65-59128c36c664,Hiring Discussion,60,12,2025-11-27,1
18e4de81-105e-4704-a9a6-19a64f1d26ed,Revenue Review,45,5,2025-11-16,5
a8019ec2-cbdd-4e96-a0c3-8b59493d04e7,Revenue Review,30,6,2025-12-16,0
489cc2c5-6adf-44ba-9aae-9a02bbde35e8,Hiring Discussion,60,5,2025-12-23,2
9655a876-3ca2-4fd7-8765-5bd527cd02d2,Revenue Review,45,3,2025-12-13,2
3680727c-ffcb-4950-9105-f9be64df3392,Revenue Review,45,12,2025-12-13,0
93452f2b-2e88-4292-9e71-60003a8eb31a,Ops Escalation,30,8,2025-10-27,2
343e6064-2064-4fd0-9602-f4eccc5b130e,Ops Escalation,30,7,2025-11-20,2
28784b7f-2764-4dc4-8bef-9f5db2435883,Revenue Review,90,3,2025-12-16,1
aa91fdd6-8987-4144-b5ad-f0fa1250fde9,Board Sync,90,5,2025-11-05,4
2a5b88d0-c1b6-440f-ab24-cfbb4d6cbe12,Hiring Discussion,60,3,2025-11-06,5
82ac6259-8a3d-4ee0-84df-34ea0b33cffc,Ops Escalation,45,12,2025-11-28,2
f589bf94-2715-4ab3-bbef-d75b98b66422,Revenue Review,60,5,2025-11-12,0
9a2a00e1-a101-4495-b4f8-03219be5d041,Hiring Discussion,45,4,2025-12-01,1
55e0b55d-b731-4f9c-9379-5b6fe0884589,Board Sync,45,8,2025-10-31,0
619cc8a7-6be3-452b-ae41-5436bf72be00,Revenue Review,60,11,2025-11-27,0
ca1c866e-921e-4889-8b49-db5aa0324cd0,Ops Escalation,30,9,2025-12-01,4
49819782-9024-4272-9294-3f97c8872800,Revenue Review,30,11,2025-12-10,2
2563b0be-5a5a-41fe-9207-7f1b16450b92,Revenue Review,60,11,2025-12-24,5
37c907e2-712f-467b-ae27-4e3940895176,Ops Escalation,90,10,2025-11-24,1
93a47731-156b-477c-a657-33ad9c9ca59a,Board Sync,90,9,2025-11-23,5
276b34ad-87c5-4ee1-8b93-08c344a0c32c,Hiring Discussion,45,10,2025-10-27,0
4adcd39a-9d4f-4d7c-9936-cacb231fbba3,Hiring Discussion,90,7,2025-10-28,1
9282d26c-6965-4433-902c-49378511238f,Revenue Review,30,10,2025-12-12,2
b8ae1923-4451-4886-ad74-b77b92d487fc,Revenue Review,30,11,2025-12-10,5
3f1e9edc-b6f2-4e63-8444-78d918ffcbd6,Hiring Discussion,30,7,2025-12-09,1
80a5a8a9-69cd-4d91-a5d3-5934fa901629,Hiring Discussion,30,10,2025-12-18,4
1239ae32-a130-46f6-89a1-239d9437b04e,Ops Escalation,45,12,2025-10-27,4
a9322fd3-cc22-47b8-8129-4c1846c4645d,Board Sync,60,3,2025-10-29,4
cde05b63-6768-4633-8282-cd91ea2cf5bf,Ops Escalation,90,9,2025-10-27,2
aa64278a-a64d-4462-bb02-e10ae8e39423,Revenue Review,90,12,2025-12-10,2
84ba2f76-a3fb-41b9-9604-3d4476683437,Hiring Discussion,60,9,2025-11-27,0
6db8b38f-980c-401c-9076-627d25d1b675,Hiring Discussion,30,3,2025-11-03,4
88282019-0c67-4ba2-9602-dd7ee1714222,Hiring Discussion,30,6,2025-12-03,1
e9be0f98-481c-47e6-a9c4-47cfd0432f9f,Revenue Review,30,9,2025-12-14,2
a7a70627-0431-4a2c-b89e-fd42de7a9286,Board Sync,90,11,2025-12-16,0
57785193-f8dd-4f6a-9027-6ea6e3c95441,Hiring Discussion,30,7,2025-11-02,5
596cf062-36b7-4b8b-b13a-3828c40a4bc7,Board Sync,90,8,2025-12-10,2
eefe53e5-461b-44ec-aa6c-384ad8ef0f98,Revenue Review,45,9,2025-11-28,5
1eb95ab0-4e5b-45a8-93cf-904775760ed8,Hiring Discussion,30,11,2025-12-13,0
2634aabf-edda-4c59-849b-2411915bb6e1,Board Sync,60,10,2025-12-10,2
774c958f-f800-4484-a285-47eeab623aa5,Hiring Discussion,60,9,2025-12-24,2
da686fa3-b1d0-4b43-a7c7-0d8866eb25cc,Hiring Discussion,45,7,2025-11-14,5
01727939-f24f-41a8-a259-8bc19c1b30e3,Ops Escalation,30,12,2025-11-04,1
c70e4b35-c091-4c4b-8b07-571eae880fdc,Board Sync,45,6,2025-12-07,1
b10f69d4-d480-4aa6-b5f4-ed4f1ae0264a,Board Sync,90,11,2025-12-10,4
1778d211-92d3-4ee7-b1a4-b45d1497ca6f,Board Sync,60,11,2025-11-17,1
778c9786-8a7a-42ab-946c-f2be4fd1402b,Board Sync,60,6,2025-12-10,2
c252c7b5-23e5-4d0a-aa3c-8b242225a383,Revenue Review,90,9,2025-11-13,0
eac620cf-ae68-42a4-808a-c1d5c18437c8,Board Sync,90,8,2025-10-27,4
7b983194-0f95-4343-b2f9-3ff9f558e7d2,Ops Escalation,45,5,2025-12-05,5
3f8947e5-0fa4-4740-8f47-69e9ace71e4e,Revenue Review,90,8,2025-11-20,1
61da206e-bccc-409b-b3b0-a1c509616cc8,Board Sync,90,10,2025-12-24,0
22b6a6e1-e4fe-4895-9cff-bc7fc07ad56a,Revenue Review,30,4,2025-12-02,4
add593a3-3ada-41ed-ac26-82b31304b537,Board Sync,90,12,2025-11-05,5
c8ee4f65-571b-43d2-b245-0a5ab430cd6f,Board Sync,30,5,2025-11-24,5
7d575977-9368-49f5-ae87-3e1283627d0b,Ops Escalation,60,7,2025-11-24,3
f3955173-f1e3-422b-951a-a366d8bcd76d,Board Sync,45,6,2025-12-20,3
a4e60536-1d29-45ef-8283-8d4ba774913e,Hiring Discussion,30,7,2025-11-15,5
d90dc09a-45f0-4b64-a738-99e5f718cb6f,Revenue Review,90,6,2025-11-15,5
6fedf56c-aab6-415c-b785-d3ad766f01dd,Ops Escalation,30,7,2025-12-04,5
b85e8b62-a005-4258-a544-2c29f7b91102,Board Sync,45,6,2025-11-22,2
dfa213c0-018d-4e43-a756-89e3ff43212d,Ops Escalation,60,9,2025-12-06,1
ebf9b66a-8038-4ea0-b969-4d6d9bf3fbaa,Board Sync,60,4,2025-10-31,3
b346785a-a175-458d-97cf-a905b95e5dd3,Hiring Discussion,90,3,2025-11-13,4
09a7a0fe-f035-4890-914f-b68f348c016f,Hiring Discussion,60,4,2025-11-30,2
4cd91f90-d01a-4d60-a110-5627be6f3479,Board Sync,30,4,2025-12-10,2
49b4d69b-76e7-4eb4-8c0a-b77a64ab6dde,Ops Escalation,45,5,2025-11-20,4
44f14c4a-24ed-4d8a-9232-60080493cea9,Hiring Discussion,60,3,2025-12-22,3
46da88de-d87b-446e-bd16-81ca7d630649,Revenue Review,30,7,2025-12-18,3
281776b0-f7b4-4bf7-98eb-2aa4886d2a23,Hiring Discussion,45,9,2025-12-06,5
5e590285-7bea-4604-a7db-7d724729454f,Revenue Review,45,9,2025-11-24,4
c01dbd4c-b6cb-4e86-aa5b-539ca17388c4,Hiring Discussion,45,9,2025-11-26,1
3c4d6c4c-5fb4-434e-9a66-fd937aca9444,Hiring Discussion,60,5,2025-12-08,3
78d7fd36-c847-4f6e-a5c8-f38cd4e5dec8,Hiring Discussion,30,10,2025-12-11,0
a0585c9e-fccf-4f12-8a29-d1401b0286bb,Revenue Review,45,8,2025-11-28,3
8c3d449a-b2de-40ae-96dc-aa6173fc9cec,Board Sync,90,6,2025-11-24,2
afb83fee-f8f5-487f-98c2-c453c86758e9,Ops Escalation,45,12,2025-12-11,2
4a1c218b-1c48-4de6-827d-95b7406b40e4,Ops Escalation,90,5,2025-12-07,5
2ff673db-f186-4ee6-a3f3-4fb7429014fb,Ops Escalation,45,8,2025-10-29,4
c4c77570-7c54-491c-bb38-5e368a5e2fb4,Hiring Discussion,45,11,2025-11-20,3
814ec8cf-f21b-448e-918e-64abc65d5211,Hiring Discussion,90,12,2025-12-19,0
da3e8ecb-6997-499d-a75f-c6d89ead485f,Ops Escalation,30,5,2025-11-01,0
d2a7fa0e-aed2-49b0-bff0-77b75698613c,Ops Escalation,45,5,2025-12-18,0
847774f3-ea41-45b7-b8ef-9cd6e3e91498,Revenue Review,90,9,2025-11-25,5
866e6ff6-ce82-4867-b5a8-1fd3dc47e63a,Board Sync,30,12,2025-11-26,3
63b78d10-cd31-447d-a4bc-f6dec071ad0f,Revenue Review,60,12,2025-11-10,1
b11b51e2-afb3-4cce-99bc-520ca75b3df5,Board Sync,90,5,2025-12-04,2
0024c4d1-5b01-4f6c-a61b-7a5a55f6cd83,Ops Escalation,30,9,2025-12-25,0
07f948e1-5e89-49e9-9f7c-c808100ab932,Revenue Review,45,4,2025-11-27,5
a86dc0c6-9874-4a74-979e-3ebc06f54854,Ops Escalation,45,12,2025-12-13,1
84849104-7fec-4a73-bce8-de637581bd43,Revenue Review,45,4,2025-12-22,3
639ba8ae-bd16-4f92-b933-ab283e13f355,Board Sync,30,4,2025-12-17,5
2f1a778c-8fef-44de-9180-8523f67c6ac3,Ops Escalation,45,8,2025-10-27,0
31e1bd92-c3e5-445e-ac55-83147e228d80,Hiring Discussion,45,5,2025-12-19,3
8559299f-5e43-4732-9db1-db7272f9a6da,Board Sync,60,5,2025-11-08,1
ad1a67d0-380c-4799-b6ad-23e6b13d697a,Hiring Discussion,45,3,2025-12-02,3
cbd6c22c-1871-47b2-b3dc-6624ddc45561,Hiring Discussion,90,7,2025-11-07,0
4a1363d4-411d-4585-962c-5f99ee1b4b9a,Ops Escalation,90,5,2025-12-02,1
8ab98f12-eee6-4f50-8ba5-f623281db8f5,Ops Escalation,45,4,2025-10-31,1
ef7e4a8d-fea0-48dd-a83b-4667ad0a2cfa,Revenue Review,90,12,2025-12-18,2
0783dc6b-f0fc-4dea-b2d1-8192edc68cf1,Revenue Review,60,6,2025-11-09,3
19e3f373-5b28-4364-90f6-966785436a17,Ops Escalation,60,3,2025-10-27,2
ee520107-bb05-49b1-8375-1f7a4cd41a40,Ops Escalation,30,8,2025-12-20,4
71700f97-0b8b-4e20-8e1f-db39d3bb2aab,Hiring Discussion,90,9,2025-12-23,3
f708fec5-f462-4fa1-860b-f1bb444c6676,Board Sync,45,6,2025-12-21,2
f3f2f3d8-8518-44ca-a576-455c638f9be9,Revenue Review,30,12,2025-11-17,2
f513194a-bdf8-4a62-a064-a04629b0fcc2,Revenue Review,30,10,2025-11-02,4
bb811235-92d8-48cd-9d3e-b504e446c2db,Board Sync,90,8,2025-11-26,0
2edea6cb-856f-49fc-bf31-7794d0a201df,Ops Escalation,60,4,2025-12-14,5
8e210c07-8905-4f36-9acd-2da70bd741c5,Revenue Review,30,11,2025-11-10,3
caa355a5-799b-4ccd-9bf5-4c16e58859cb,Ops Escalation,45,12,2025-11-02,1
d08e1067-b56b-4317-a796-6c3da47fbfa8,Board Sync,30,9,2025-12-04,2
9f293829-f6be-4e81-bab1-4aa6e81deb2f,Board Sync,90,8,2025-12-06,4
a822fe51-e49e-4d6f-bd9c-edcc138d765d,Board Sync,45,11,2025-12-07,1
9159bf22-72d0-4ba7-a878-441b2951c414,Board Sync,30,9,2025-12-02,5
09aeef70-e1e1-490b-b93b-725fef031585,Hiring Discussion,90,8,2025-11-04,2
c74d027a-8167-4201-a889-9469e9003bcc,Revenue Review,60,12,2025-12-08,2
412cab73-0792-4d48-b7cf-74417325184f,Ops Escalation,30,9,2025-12-04,2
006db192-060b-4742-9490-6dddf87ea82f,Hiring Discussion,90,11,2025-10-30,2
9e534b66-3966-4fff-9a20-0b612dd51c45,Ops Escalation,45,3,2025-10-27,5
3f7c3184-edb9-43ae-9a36-9b233f5258c2,Board Sync,45,8,2025-11-26,1
79d9197f-13c5-43c0-9fa1-2905e5aec398,Hiring Discussion,90,7,2025-12-10,0
83b9f1d8-f1be-4036-8660-74faee7a643b,Revenue Review,45,4,2025-11-20,3
f5400aca-db79-4187-98a5-e1c3af6d9675,Board Sync,60,3,2025-11-29,3
084cc8ba-a8a5-42ef-a5fa-c55cbfbd131f,Ops Escalation,90,10,2025-11-04,1
9d7c7bc4-53f9-4bd3-8249-c80b6d502096,Board Sync,90,10,2025-12-14,3
8eca3b39-03b3-4790-b223-4f27b89e4729,Ops Escalation,60,4,2025-11-29,5
1b7a88ae-9610-4ccf-9bd1-d14f060ecf99,Ops Escalation,60,3,2025-11-18,4
9506ffc4-b2c7-4c77-a7d2-cce4e29bc27e,Ops Escalation,60,9,2025-11-06,3
2d8ff71c-bf3f-42d6-bd33-f3f1b6dce8c0,Hiring Discussion,30,6,2025-11-06,4
bc73cc4d-f37f-4530-b96e-dbe2f7c9cdb0,Ops Escalation,60,4,2025-12-25,2
bf3fb772-f611-4836-90f2-03981d646e37,Board Sync,60,9,2025-10-30,1
c9b6558c-73fc-4d20-a785-98d41c33f84c,Ops Escalation,90,6,2025-12-03,5
f923bd23-cee1-4a5e-949f-07a18422af5b,Board Sync,60,5,2025-11-01,1
f31ba2b8-ba18-48d0-9eef-9b51b4a89319,Ops Escalation,30,6,2025-12-14,1
99f48852-f333-4c56-aad5-ee25aeb6565e,Revenue Review,45,4,2025-11-07,5
db0d3383-6496-4ad1-8c15-0123e37f5288,Ops Escalation,45,7,2025-12-24,1
6808c158-c4d9-498b-89ff-aa2b1d267bed,Revenue Review,45,5,2025-12-18,0
504b25b0-49d3-484a-9497-7dc539a8739a,Board Sync,90,9,2025-11-25,0
dfbaa7d6-1247-42f0-b01b-fd5590d1bfd6,Hiring Discussion,60,7,2025-11-25,1
2e18b461-216c-4a18-bffd-176a3b782141,Revenue Review,30,4,2025-12-18,4
f623bbce-f62d-4dc8-903d-d630081bc90b,Revenue Review,60,3,2025-10-28,5
e5815ae7-2740-4b31-aac3-7d03e26b3a51,Hiring Discussion,45,7,2025-12-02,3
33eb0b81-5a1e-4a71-bdac-603124cbeefe,Ops Escalation,30,5,2025-12-25,0
059b008f-1874-41d9-824d-f5819da4ff24,Board Sync,60,11,2025-12-11,4
fdca3072-ff9a-425a-bcdc-3f8ec1b18794,Hiring Discussion,45,5,2025-10-29,0
9bf42a1c-3a5d-4084-a444-222baeb9d214,Ops Escalation,30,11,2025-12-15,3
ede88645-ccad-40e1-8c0c-3526f1c664c1,Ops Escalation,90,11,2025-11-13,1
35101e9e-22a0-4d16-8fbf-a3a8b98b9f4f,Revenue Review,30,7,2025-10-27,0
24537409-07f2-4d4a-ac8d-df5c72387625,Board Sync,90,6,2025-11-28,4
65a5b503-679a-43c6-8054-0f32e3ee554f,Ops Escalation,60,5,2025-11-07,1
d18776da-948a-4f75-b00a-45a98a993197,Revenue Review,90,11,2025-12-17,5
e9ba6ac8-1b27-46c9-8fcc-65536232cba7,Revenue Review,30,9,2025-12-12,4
9803d1b1-ba1f-4408-82cd-b876379555e3,Ops Escalation,60,6,2025-12-10,2
0d301355-3eb2-49fe-9a74-0417a18471d9,Board Sync,90,8,2025-12-24,2
b8d858bf-eb5a-4e55-9fa6-cfd5bc797ea4,Board Sync,60,11,2025-11-07,2
fc1300cb-d58d-4a91-80a2-e1ca05943406,Ops Escalation,30,11,2025-11-02,4
8b1562e3-5058-4f6f-8a63-535d45329339,Hiring Discussion,90,4,2025-11-19,0
63650c52-23de-439d-a1d4-612ca52ebb15,Revenue Review,90,4,2025-12-08,2
13a93ad3-f9ec-4a3b-8534-c3fb428ae167,Ops Escalation,90,7,2025-11-10,3
95f662d4-32e6-4a60-963c-63bf48b1354a,Board Sync,60,3,2025-12-12,0
45b375ef-e768-4cb9-bc51-d12cfc892ee9,Board Sync,30,6,2025-11-07,1
92af9711-bd2b-4b5b-a2fd-e2d92c1c5c80,Revenue Review,90,3,2025-11-17,1
71f5b874-e439-4d8b-b2c6-d357a68e7e90,Hiring Discussion,90,4,2025-10-29,1
42ca8b1b-b97d-4228-af68-a28a60dddb94,Ops Escalation,90,12,2025-11-29,1
b55e4d6e-0ad5-43bc-a984-daa5ad18e0b6,Ops Escalation,30,5,2025-10-30,3
04553d9a-4962-41fc-be83-76d67bfe33bc,Ops Escalation,60,8,2025-11-11,1
ee31b0fc-ff8f-4184-881a-166814b7727f,Board Sync,60,7,2025-11-01,5
eac392bc-bbf4-4bee-8c0a-9f1154d88f8c,Hiring Discussion,60,10,2025-12-20,0
0dfab5d3-c576-40f7-ad87-7338b33258a1,Board Sync,60,4,2025-12-20,1
a69c256c-3e90-4969-a050-286d08c4a14e,Revenue Review,60,12,2025-12-11,1
0291060a-5e9e-4ea6-91cf-d22b149e6f11,Revenue Review,30,8,2025-11-16,4
abf22945-fbef-4523-8d11-f7d96fb0ba45,Ops Escalation,60,12,2025-11-11,2
a057d894-6016-48b4-94ae-3033c7a410a1,Revenue Review,30,6,2025-11-19,5
13a23809-8d40-497c-9b72-a4e3903d62b1,Board Sync,90,3,2025-12-09,3
21eb1c44-530b-426f-8f48-c68b3977298a,Ops Escalation,90,6,2025-11-27,1
6a692489-60c2-4020-9860-453f2452e24b,Ops Escalation,45,12,2025-12-22,1
b4cc2920-13d1-46fb-8c1d-73957c8f2dbb,Board Sync,90,12,2025-11-20,3
662d88a9-8706-41ed-b835-f3a6450d3a0a,Ops Escalation,60,10,2025-10-31,0
0ec67ba3-5dee-4f5c-bd7d-e8acfe996976,Revenue Review,30,6,2025-11-04,0
5319741d-2d06-494b-a6d2-c437c302f9c4,Board Sync,90,11,2025-11-18,3
156f80f2-c011-489e-b8bb-b613f2383020,Revenue Review,90,4,2025-11-02,2
61d4ac7f-6731-4f94-8fbc-cf71732a2eb4,Ops Escalation,60,12,2025-12-15,3
732ecc60-d410-45ac-a72f-903976717d38,Hiring Discussion,60,7,2025-11-20,1
a8dc2070-34ce-4877-867d-8c73221f6412,Ops Escalation,30,4,2025-10-30,2
9854368e-a568-4013-a992-d18027f360cd,Hiring Discussion,45,5,2025-11-14,4
be3c98b0-db20-43ea-8e8d-4c77ffcc3b72,Revenue Review,30,6,2025-11-09,3
38174559-093c-4ac2-a436-c697c05314c6,Board Sync,45,5,2025-11-08,5
01716dc2-99c3-41a3-bc0f-29da8accde62,Revenue Review,90,12,2025-12-19,1
cd97b44b-23bd-4bfa-8b36-b6f258eded2b,Ops Escalation,60,5,2025-11-16,4
89c0b088-11e8-4796-aca4-e60a2f0f9a69,Ops Escalation,90,8,2025-10-29,1
4d6908f2-b656-476f-a1f5-5843c185674d,Hiring Discussion,60,3,2025-11-26,0
d12e0256-20a0-4923-8563-707060bed842,Revenue Review,30,5,2025-11-03,2
e5592c30-5e04-4f62-89cc-7ad9349b6f44,Hiring Discussion,90,12,2025-11-19,1
7fb316ba-d581-49c6-9543-a84042cff716,Ops Escalation,60,11,2025-11-06,1
7d871093-71b3-4fc0-8f12-18c92f942b9a,Hiring Discussion,30,3,2025-11-25,3
bd45a946-ee13-4ae0-b8fa-80c67d668247,Hiring Discussion,30,4,2025-11-17,5
95a73412-2eb9-4c2c-b982-911b44b6d5bd,Hiring Discussion,90,11,2025-11-14,2
69bc044f-ba1f-4318-b859-ed4c2f3aaa45,Ops Escalation,45,11,2025-11-06,4
21268412-6012-4066-afe1-e975a0303245,Hiring Discussion,30,10,2025-11-04,4
b9772d52-43a0-4fb7-9bd1-7cc5aefe6743,Board Sync,60,12,2025-11-23,1
e51554a4-1cb9-4139-a1bb-538c3a96bcf0,Ops Escalation,90,10,2025-12-06,2
22884630-9297-4b53-8d6d-375a9b72a128,Hiring Discussion,30,3,2025-11-25,3
37c18f23-58be-43a3-8e77-957fe266adbc,Revenue Review,45,5,2025-12-11,0
770b1eba-7b45-4460-813f-6d2dfec1e2e2,Ops Escalation,30,8,2025-11-18,5
cdb1a651-2234-4b7f-aba5-4badb5c14bd2,Revenue Review,60,6,2025-11-28,4
cbbdb705-e403-4bf3-9d1b-7799a49fe425,Board Sync,45,8,2025-11-17,0
aa1ad849-6b5b-4190-9568-96c88f06135d,Board Sync,90,8,2025-11-23,3
9cb35406-86ba-400d-a901-a565ec6f62d8,Ops Escalation,30,3,2025-11-02,4
8ae67be9-92cc-4734-be7e-9c8f29266b80,Board Sync,30,7,2025-10-31,5
95b7429d-8aa4-4bb0-b706-2d0dca3216a5,Board Sync,30,12,2025-11-13,0
981bc84b-d36c-435f-bdf5-d55fca43af84,Revenue Review,60,11,2025-12-24,0
9b0d21a8-5ec7-4614-b675-368455861a22,Hiring Discussion,90,7,2025-10-29,1
f0e88740-35ac-4989-9217-2de7879ed84e,Ops Escalation,90,12,2025-12-02,1
cc7facf3-a0a0-4c63-a87c-4a761428211b,Board Sync,90,12,2025-10-28,0
98674245-d567-4236-8154-891f02b0c418,Hiring Discussion,45,7,2025-10-30,3
b527d99d-7318-4870-bf66-eb60ef77b5be,Board Sync,60,3,2025-11-10,3
a63c9930-68a7-400a-8fca-81504546dba0,Board Sync,60,12,2025-12-09,0
9bb14a9e-12ee-4b7c-b2c4-6774bcffdaa7,Revenue Review,60,10,2025-10-27,4
4b2f539e-bc43-493c-82e5-9a259b6ad365,Hiring Discussion,30,5,2025-11-11,1
95fc2650-a6bf-47e3-902e-64c8670ddad1,Revenue Review,60,5,2025-12-10,2
fcecbf86-3a74-4d94-a1f7-9f6d0095ea29,Ops Escalation,45,9,2025-12-21,4
a611cb9b-7a85-4608-b348-0c49955a5cd1,Hiring Discussion,30,9,2025-12-15,1
79a721a4-3480-4028-b4b3-911d9c527428,Board Sync,60,6,2025-11-07,4
5bb05d4f-febd-417d-be47-2f0070eae6ea,Ops Escalation,60,5,2025-12-10,2
59d58179-3067-4797-9f93-5cc88ad8ac40,Revenue Review,90,7,2025-11-06,5
c94406e0-ef45-4f97-9bf0-d7d03dac1b6a,Board Sync,30,7,2025-12-11,1
575fa354-e218-4d41-891b-71acd26adeee,Ops Escalation,30,12,2025-11-26,4
91bdca6f-be9c-49c6-aebe-3d3e320e5227,Board Sync,45,9,2025-12-04,2
3575711f-0add-4dca-87d1-ddceccb341bc,Ops Escalation,30,11,2025-12-15,2
fb161be5-3684-4532-a032-51df541a1d59,Hiring Discussion,45,6,2025-11-11,3
813780db-380a-4944-810b-01fc4af04e4a,Hiring Discussion,60,12,2025-12-13,5
32003267-9dee-486f-a6c4-bbc2b94f4b61,Board Sync,30,5,2025-11-22,2
0d030532-422c-4a59-ab70-101656808c41,Revenue Review,60,8,2025-11-13,5
ae796e82-ed82-44ed-858a-53ea8017d628,Ops Escalation,45,3,2025-10-29,0
3e080cf5-5dcf-4a61-b9fa-cd64b697ad94,Revenue Review,60,10,2025-12-04,1
421afe47-3c08-455e-9580-87fdf145c31b,Ops Escalation,90,6,2025-11-01,1
082bebc9-dc36-49c4-bf08-295a077c268e,Board Sync,45,7,2025-11-18,3
aa94f77a-4c1e-4c54-b4c8-c03fdf39893e,Hiring Discussion,30,4,2025-12-11,0
99bb2fdd-b266-41cc-9f5d-3e8fa1330fed,Revenue Review,90,5,2025-11-27,4
0abc72b0-c760-4c55-b238-3b88deb1a831,Ops Escalation,45,4,2025-12-11,3
1829838d-f8d9-40b2-a28f-19a85204d3b7,Revenue Review,60,4,2025-12-06,0
9a1c582f-71b6-4611-848a-56ca84e6d531,Ops Escalation,30,12,2025-11-08,4
27f3b093-cf94-45b0-ba34-d0afecdef3e4,Board Sync,45,3,2025-11-14,0
73041676-c24b-473d-b123-ef1e9b30360c,Ops Escalation,30,3,2025-11-29,4
865ee108-a219-4ba1-86b3-db76231b57e0,Ops Escalation,60,11,2025-10-29,3
f30dfef3-f406-4805-be84-aa859b9da498,Ops Escalation,90,12,2025-11-19,3
f963aa8e-5295-450f-b642-0e75ed6b574e,Ops Escalation,45,11,2025-11-09,4
b6832c51-61b8-4047-8c0f-6bd4b685ee14,Ops Escalation,60,12,2025-12-19,5
8e70cb23-5e44-476f-a09f-256b4a5f2260,Revenue Review,45,11,2025-12-12,3
0c074ca4-cb67-4653-9172-eca426dfb071,Ops Escalation,30,8,2025-11-30,5
54b58c8f-a494-4c02-af14-d44feca7b7ab,Board Sync,90,10,2025-11-07,2
d68b5531-8076-41bb-837a-dfbe44843c32,Board Sync,45,9,2025-12-14,0
017262e8-d28e-4116-8919-3eb2d38def7c,Revenue Review,90,10,2025-12-16,4
182d398a-371a-4a9e-9193-82cd1eb11485,Board Sync,90,7,2025-10-30,4
98c17a89-6375-4cdc-8982-8275cc33cdc6,Hiring Discussion,60,5,2025-11-20,3
7f202862-0013-4e46-a9b8-432c09cd17a9,Ops Escalation,45,7,2025-12-22,0
6bd7ced5-f8b8-461f-bbd6-4a41ebd78428,Ops Escalation,60,10,2025-11-01,0
9040a0be-7f7d-4353-aba7-e908f2751313,Revenue Review,30,8,2025-12-08,0
cfdf3761-bae0-417e-a65e-a65146d485ae,Ops Escalation,90,6,2025-11-27,1
9939820e-fafb-40ae-b338-5a4f1a2bfa6c,Revenue Review,60,7,2025-12-08,4
b62dc032-265c-48da-9dd0-0051744f4934,Ops Escalation,45,4,2025-11-25,0
bdf19288-abb6-490d-817b-5fc9808475a6,Hiring Discussion,45,12,2025-12-16,1
126205a8-ede7-4f40-8378-33a1cc95b493,Revenue Review,45,8,2025-12-10,1
e3838028-6058-4d77-8302-79fe16e9160f,Board Sync,60,9,2025-11-06,3
2aa8cc7a-21c9-4e20-969d-8f73af6d42dd,Ops Escalation,30,11,2025-12-25,3
fb63e540-79f1-4678-aa5a-023b4f435bcf,Ops Escalation,60,5,2025-11-24,0
7752a662-636b-48b8-9561-2a1d65eb066d,Board Sync,45,9,2025-12-24,1
